{
  "type": "FeatureCollection",
  "name": "PixelMap generated landmark entities",
  "properties": {
    "schema": "pixelmap-landmark-entities/1",
    "source": "OpenStreetMap",
    "generated_at": "2026-08-20T06:47:42.558Z",
    "scope": {
      "type": "administrative_area",
      "name": "神奈川県"
    },
    "min_parent_area_m2": 10000
  },
  "features": [
    {
      "type": "Feature",
      "id": "way/28147616",
      "geometry": {
        "type": "Polygon",
        "coordinates": [
          [
            [
              139.4583338,
              35.4896337
            ],
            [
              139.4585816,
              35.4890828
            ],
            [
              139.4588804,
              35.4884168
            ],
            [
              139.4583183,
              35.4882497
            ],
            [
              139.4583207,
              35.4882391
            ],
            [
              139.458134,
              35.4881832
            ],
            [
              139.4580934,
              35.488262
            ],
            [
              139.4577832,
              35.4881677
            ],
            [
              139.4574942,
              35.4887592
            ],
            [
              139.4574302,
              35.4888988
            ],
            [
              139.4573781,
              35.4889277
            ],
            [
              139.4573379,
              35.4889724
            ],
            [
              139.4573089,
              35.4890196
            ],
            [
              139.4572844,
              35.4890667
            ],
            [
              139.4572673,
              35.4891053
            ],
            [
              139.4572533,
              35.4891458
            ],
            [
              139.4572407,
              35.4891817
            ],
            [
              139.457234,
              35.4892176
            ],
            [
              139.4572256,
              35.4892817
            ],
            [
              139.4572223,
              35.4893115
            ],
            [
              139.4572232,
              35.4893414
            ],
            [
              139.4572292,
              35.4893742
            ],
            [
              139.4572387,
              35.489407
            ],
            [
              139.4572581,
              35.4894428
            ],
            [
              139.457271,
              35.489458
            ],
            [
              139.4572874,
              35.4894726
            ],
            [
              139.4573042,
              35.4894827
            ],
            [
              139.4573236,
              35.4894914
            ],
            [
              139.4573469,
              35.4894954
            ],
            [
              139.4573693,
              35.489496
            ],
            [
              139.4573995,
              35.4894926
            ],
            [
              139.4576953,
              35.4895804
            ],
            [
              139.4578963,
              35.4896385
            ],
            [
              139.4579166,
              35.4895976
            ],
            [
              139.458195,
              35.4896827
            ],
            [
              139.4582349,
              35.4896065
            ],
            [
              139.4583338,
              35.4896337
            ]
          ]
        ]
      },
      "properties": {
        "id": "way/28147616",
        "osm_type": "way",
        "osm_id": 28147616,
        "name": "イオンモール大和",
        "name:ja": "イオンモール大和",
        "role": "complex",
        "class": "retail_complex",
        "render_class": "mall",
        "category": "landmark",
        "area_m2": 16167,
        "minzoom": 13,
        "detail_zoom": 16,
        "max_signature_children": 1,
        "icon_size": "L",
        "icon_anchor": [
          139.4576390621622,
          35.4891572027027
        ],
        "shop": "mall"
      }
    },
    {
      "type": "Feature",
      "id": "way/45537790",
      "geometry": {
        "type": "Polygon",
        "coordinates": [
          [
            [
              139.6301285,
              35.4551048
            ],
            [
              139.6304029,
              35.4552547
            ],
            [
              139.6303443,
              35.4553303
            ],
            [
              139.6310811,
              35.4557315
            ],
            [
              139.6311552,
              35.4556585
            ],
            [
              139.6311875,
              35.4556772
            ],
            [
              139.6313132,
              35.4557501
            ],
            [
              139.6312944,
              35.4557726
            ],
            [
              139.6313758,
              35.4558177
            ],
            [
              139.6314035,
              35.4557945
            ],
            [
              139.6314662,
              35.4558263
            ],
            [
              139.6317049,
              35.4555372
            ],
            [
              139.6318075,
              35.455591
            ],
            [
              139.6321112,
              35.4557586
            ],
            [
              139.6322338,
              35.4558221
            ],
            [
              139.6323607,
              35.455661
            ],
            [
              139.632369,
              35.4556507
            ],
            [
              139.632554,
              35.455416
            ],
            [
              139.6317247,
              35.4549601
            ],
            [
              139.6316632,
              35.4550328
            ],
            [
              139.6316296,
              35.4550161
            ],
            [
              139.6315975,
              35.4550587
            ],
            [
              139.6314794,
              35.4549986
            ],
            [
              139.6314741,
              35.4549429
            ],
            [
              139.6310932,
              35.4547386
            ],
            [
              139.6310114,
              35.4547484
            ],
            [
              139.6309215,
              35.4547004
            ],
            [
              139.6309491,
              35.454661
            ],
            [
              139.6308676,
              35.4546189
            ],
            [
              139.6307849,
              35.4545761
            ],
            [
              139.6308479,
              35.4544854
            ],
            [
              139.630691,
              35.4544057
            ],
            [
              139.6305529,
              35.4545706
            ],
            [
              139.6305703,
              35.454587
            ],
            [
              139.6305033,
              35.4546616
            ],
            [
              139.6304927,
              35.4546747
            ],
            [
              139.630442,
              35.4547374
            ],
            [
              139.6304224,
              35.4547267
            ],
            [
              139.6301285,
              35.4551048
            ]
          ]
        ]
      },
      "properties": {
        "id": "way/45537790",
        "osm_type": "way",
        "osm_id": 45537790,
        "name": "ランドマークプラザ",
        "name:ja": "ランドマークプラザ",
        "name:en": "Landmark Plaza",
        "role": "complex",
        "class": "retail_complex",
        "render_class": "mall",
        "category": "landmark",
        "area_m2": 16283,
        "minzoom": 13,
        "detail_zoom": 16,
        "max_signature_children": 1,
        "icon_size": "L",
        "icon_anchor": [
          139.6311831,
          35.455157982051276
        ],
        "shop": "mall"
      }
    },
    {
      "type": "Feature",
      "id": "way/72702030",
      "geometry": {
        "type": "Polygon",
        "coordinates": [
          [
            [
              139.4340194,
              35.5311742
            ],
            [
              139.4343567,
              35.5312844
            ],
            [
              139.4345672,
              35.5313537
            ],
            [
              139.4348046,
              35.531447
            ],
            [
              139.4348859,
              35.5314892
            ],
            [
              139.4349571,
              35.5315308
            ],
            [
              139.4352411,
              35.5317127
            ],
            [
              139.4360166,
              35.5311846
            ],
            [
              139.4360661,
              35.5311463
            ],
            [
              139.4361025,
              35.531111
            ],
            [
              139.436136,
              35.5310604
            ],
            [
              139.4361487,
              35.5310175
            ],
            [
              139.4361507,
              35.5309913
            ],
            [
              139.4361496,
              35.5309583
            ],
            [
              139.4361443,
              35.5309253
            ],
            [
              139.4361306,
              35.5308952
            ],
            [
              139.4361014,
              35.5308635
            ],
            [
              139.4359069,
              35.5306789
            ],
            [
              139.4357085,
              35.5305368
            ],
            [
              139.4351179,
              35.5300683
            ],
            [
              139.4349725,
              35.5299048
            ],
            [
              139.4348858,
              35.5298744
            ],
            [
              139.4348105,
              35.5299006
            ],
            [
              139.4344693,
              35.5304113
            ],
            [
              139.4340034,
              35.531144
            ],
            [
              139.4340194,
              35.5311742
            ]
          ]
        ]
      },
      "properties": {
        "id": "way/72702030",
        "osm_type": "way",
        "osm_id": 72702030,
        "name": "ボーノ相模大野",
        "name:ja": "ボーノ相模大野",
        "role": "complex",
        "class": "retail_complex",
        "render_class": "mall",
        "category": "landmark",
        "area_m2": 21191,
        "minzoom": 13,
        "detail_zoom": 16,
        "max_signature_children": 1,
        "icon_size": "L",
        "icon_anchor": [
          139.43530279615385,
          35.530916873076926
        ],
        "landuse": "retail"
      }
    },
    {
      "type": "Feature",
      "id": "way/84880106",
      "geometry": {
        "type": "Polygon",
        "coordinates": [
          [
            [
              139.3485183,
              35.5926044
            ],
            [
              139.3484067,
              35.5925787
            ],
            [
              139.3482013,
              35.5923058
            ],
            [
              139.347763,
              35.5918076
            ],
            [
              139.3476218,
              35.5915589
            ],
            [
              139.3475772,
              35.5914131
            ],
            [
              139.3473725,
              35.591059
            ],
            [
              139.3473304,
              35.5910362
            ],
            [
              139.3470889,
              35.59062
            ],
            [
              139.347119,
              35.5905311
            ],
            [
              139.3505159,
              35.5892368
            ],
            [
              139.3506127,
              35.5894127
            ],
            [
              139.3508929,
              35.5899223
            ],
            [
              139.3514617,
              35.5897124
            ],
            [
              139.3517163,
              35.5901664
            ],
            [
              139.3517485,
              35.5902821
            ],
            [
              139.3517612,
              35.5903945
            ],
            [
              139.3517585,
              35.5905333
            ],
            [
              139.3517155,
              35.5907331
            ],
            [
              139.3516514,
              35.5908614
            ],
            [
              139.3515771,
              35.5909689
            ],
            [
              139.3515141,
              35.5910554
            ],
            [
              139.351351,
              35.5911872
            ],
            [
              139.3511582,
              35.5913221
            ],
            [
              139.3509109,
              35.5914722
            ],
            [
              139.3503575,
              35.5917629
            ],
            [
              139.3502411,
              35.5918309
            ],
            [
              139.3497397,
              35.5920851
            ],
            [
              139.3492762,
              35.5923029
            ],
            [
              139.3488206,
              35.5924923
            ],
            [
              139.3485183,
              35.5926044
            ]
          ]
        ]
      },
      "properties": {
        "id": "way/84880106",
        "osm_type": "way",
        "osm_id": 84880106,
        "name": "アリオ橋本",
        "name:ja": "アリオ橋本",
        "name:en": "Ario",
        "role": "complex",
        "class": "retail_complex",
        "render_class": "mall",
        "category": "landmark",
        "area_m2": 90927,
        "minzoom": 13,
        "detail_zoom": 16,
        "max_signature_children": 1,
        "icon_size": "L",
        "icon_anchor": [
          139.34981607741938,
          35.59115658387096
        ],
        "shop": "mall"
      }
    },
    {
      "type": "Feature",
      "id": "way/103261293",
      "geometry": {
        "type": "Polygon",
        "coordinates": [
          [
            [
              139.4493215,
              35.5037884
            ],
            [
              139.4499001,
              35.5038487
            ],
            [
              139.4498928,
              35.5038954
            ],
            [
              139.4515656,
              35.5040697
            ],
            [
              139.4516727,
              35.5033886
            ],
            [
              139.4501048,
              35.5032253
            ],
            [
              139.4500999,
              35.5032564
            ],
            [
              139.449538,
              35.5031978
            ],
            [
              139.4495025,
              35.5034237
            ],
            [
              139.4494245,
              35.5034156
            ],
            [
              139.4493809,
              35.503411
            ],
            [
              139.4493215,
              35.5037884
            ]
          ]
        ]
      },
      "properties": {
        "id": "way/103261293",
        "osm_type": "way",
        "osm_id": 103261293,
        "name": "エイビイりんかんモール",
        "name:ja": "エイビイりんかんモール",
        "role": "complex",
        "class": "retail_complex",
        "render_class": "mall",
        "category": "landmark",
        "area_m2": 14845,
        "minzoom": 13,
        "detail_zoom": 16,
        "max_signature_children": 1,
        "icon_size": "L",
        "icon_anchor": [
          139.4499770666667,
          35.503559083333336
        ],
        "shop": "mall"
      }
    },
    {
      "type": "Feature",
      "id": "way/105142649",
      "geometry": {
        "type": "Polygon",
        "coordinates": [
          [
            [
              139.3922152,
              35.4528289
            ],
            [
              139.3921876,
              35.4528309
            ],
            [
              139.3921222,
              35.4528357
            ],
            [
              139.3920029,
              35.4528444
            ],
            [
              139.3919649,
              35.4528472
            ],
            [
              139.391804,
              35.4528589
            ],
            [
              139.3917305,
              35.4528643
            ],
            [
              139.3916894,
              35.4528679
            ],
            [
              139.3916602,
              35.4528705
            ],
            [
              139.3916963,
              35.4528976
            ],
            [
              139.3921633,
              35.453296
            ],
            [
              139.3927232,
              35.4537867
            ],
            [
              139.3929421,
              35.4536161
            ],
            [
              139.3930234,
              35.4535495
            ],
            [
              139.3930322,
              35.4534292
            ],
            [
              139.3928159,
              35.4532361
            ],
            [
              139.392816,
              35.4530465
            ],
            [
              139.3942636,
              35.4530794
            ],
            [
              139.3943219,
              35.4530791
            ],
            [
              139.3943561,
              35.4530789
            ],
            [
              139.3944689,
              35.4530804
            ],
            [
              139.3948791,
              35.453086
            ],
            [
              139.3950893,
              35.4530901
            ],
            [
              139.3951543,
              35.4530911
            ],
            [
              139.3959284,
              35.4531066
            ],
            [
              139.3961295,
              35.4531098
            ],
            [
              139.3963664,
              35.4531145
            ],
            [
              139.3964024,
              35.4531157
            ],
            [
              139.3964241,
              35.4522389
            ],
            [
              139.3964275,
              35.4520821
            ],
            [
              139.3960081,
              35.452076
            ],
            [
              139.3950695,
              35.4520698
            ],
            [
              139.3949334,
              35.4520679
            ],
            [
              139.3949336,
              35.452053
            ],
            [
              139.3949368,
              35.4518508
            ],
            [
              139.3943856,
              35.451845
            ],
            [
              139.3942964,
              35.4518445
            ],
            [
              139.3942959,
              35.4517345
            ],
            [
              139.393066,
              35.4517098
            ],
            [
              139.3930627,
              35.4518588
            ],
            [
              139.3929636,
              35.4518572
            ],
            [
              139.3929308,
              35.4518566
            ],
            [
              139.3928412,
              35.4518553
            ],
            [
              139.3924331,
              35.451849
            ],
            [
              139.3924179,
              35.4518498
            ],
            [
              139.3923993,
              35.4517151
            ],
            [
              139.3921022,
              35.451748
            ],
            [
              139.3920579,
              35.4514143
            ],
            [
              139.3920177,
              35.4513815
            ],
            [
              139.3918842,
              35.451374
            ],
            [
              139.3917059,
              35.451364
            ],
            [
              139.3915195,
              35.4513804
            ],
            [
              139.391133,
              35.4513721
            ],
            [
              139.3905519,
              35.4513596
            ],
            [
              139.3900735,
              35.4513287
            ],
            [
              139.3900706,
              35.4517399
            ],
            [
              139.3900714,
              35.4518715
            ],
            [
              139.3907188,
              35.4523798
            ],
            [
              139.3907856,
              35.4523289
            ],
            [
              139.390872,
              35.4522587
            ],
            [
              139.3909116,
              35.452291
            ],
            [
              139.3910135,
              35.4523742
            ],
            [
              139.3910776,
              35.4523188
            ],
            [
              139.3911483,
              35.4522628
            ],
            [
              139.3912443,
              35.4521867
            ],
            [
              139.3912746,
              35.4521628
            ],
            [
              139.3910944,
              35.4520157
            ],
            [
              139.3910953,
              35.4519969
            ],
            [
              139.3910978,
              35.4519471
            ],
            [
              139.3911016,
              35.4518726
            ],
            [
              139.3911068,
              35.4517417
            ],
            [
              139.3911498,
              35.4517406
            ],
            [
              139.3917421,
              35.451749
            ],
            [
              139.3917414,
              35.4517622
            ],
            [
              139.391734,
              35.4518962
            ],
            [
              139.3920443,
              35.4518627
            ],
            [
              139.3921464,
              35.451848
            ],
            [
              139.3921706,
              35.4520299
            ],
            [
              139.3924392,
              35.4520034
            ],
            [
              139.3925229,
              35.4523816
            ],
            [
              139.3925273,
              35.4524319
            ],
            [
              139.392561,
              35.4527733
            ],
            [
              139.3925642,
              35.4527996
            ],
            [
              139.3922152,
              35.4528289
            ]
          ]
        ]
      },
      "properties": {
        "id": "way/105142649",
        "osm_type": "way",
        "osm_id": 105142649,
        "name": "ViNAWALK",
        "name:ja": "ビナウォーク",
        "name:en": "ViNAWALK",
        "role": "complex",
        "class": "entertainment_complex",
        "render_class": "mall",
        "category": "landmark",
        "area_m2": 66373,
        "minzoom": 13,
        "detail_zoom": 16,
        "max_signature_children": 1,
        "icon_size": "L",
        "icon_anchor": [
          139.39028249666666,
          35.4515745
        ],
        "landuse": "retail"
      }
    },
    {
      "type": "Feature",
      "id": "node/4085792498",
      "geometry": {
        "type": "Point",
        "coordinates": [
          139.3956332,
          35.4527029
        ]
      },
      "properties": {
        "id": "node/4085792498",
        "osm_type": "node",
        "osm_id": 4085792498,
        "name": "TOHOシネマズ",
        "name:ja": "TOHOシネマズ海老名",
        "name:en": "Toho Cinemas",
        "role": "venue_candidate",
        "parent_id": "way/105142649",
        "class": "cinema",
        "render_class": "cinema",
        "category": "landmark",
        "amenity": "cinema",
        "independent_building": false,
        "area_m2": 0,
        "minzoom": 14,
        "icon_size": "M",
        "icon_anchor": [
          139.3956332,
          35.4527029
        ]
      }
    },
    {
      "type": "Feature",
      "id": "way/108280259",
      "geometry": {
        "type": "Polygon",
        "coordinates": [
          [
            [
              139.4177741,
              35.5547105
            ],
            [
              139.4178125,
              35.5547107
            ],
            [
              139.4178642,
              35.5546676
            ],
            [
              139.4179049,
              35.5545987
            ],
            [
              139.4184982,
              35.5540623
            ],
            [
              139.418501,
              35.554015
            ],
            [
              139.4181866,
              35.5536362
            ],
            [
              139.4180983,
              35.5535733
            ],
            [
              139.4177018,
              35.5530879
            ],
            [
              139.4175177,
              35.552823
            ],
            [
              139.4174928,
              35.5528387
            ],
            [
              139.4173303,
              35.5526437
            ],
            [
              139.4172213,
              35.5527031
            ],
            [
              139.4171844,
              35.5526595
            ],
            [
              139.4160234,
              35.5533249
            ],
            [
              139.4157248,
              35.5534556
            ],
            [
              139.4152898,
              35.5536909
            ],
            [
              139.4154747,
              35.553919
            ],
            [
              139.414967,
              35.5541765
            ],
            [
              139.4151647,
              35.554347
            ],
            [
              139.4153082,
              35.5545049
            ],
            [
              139.4156459,
              35.5547922
            ],
            [
              139.4157034,
              35.5547959
            ],
            [
              139.4170067,
              35.5540681
            ],
            [
              139.4170479,
              35.5540679
            ],
            [
              139.4177741,
              35.5547105
            ]
          ]
        ]
      },
      "properties": {
        "id": "way/108280259",
        "osm_type": "way",
        "osm_id": 108280259,
        "name": "イオン相模原ショッピングセンター",
        "name:ja": "イオン相模原ショッピングセンター",
        "role": "complex",
        "class": "retail_complex",
        "render_class": "mall",
        "category": "landmark",
        "area_m2": 39684,
        "minzoom": 13,
        "detail_zoom": 16,
        "max_signature_children": 1,
        "icon_size": "L",
        "icon_anchor": [
          139.41693148846156,
          35.553868599999994
        ],
        "landuse": "retail"
      }
    },
    {
      "type": "Feature",
      "id": "way/131288193",
      "geometry": {
        "type": "Polygon",
        "coordinates": [
          [
            [
              139.3570433,
              35.3286712
            ],
            [
              139.3570961,
              35.3285217
            ],
            [
              139.3572378,
              35.3285547
            ],
            [
              139.3572398,
              35.3285776
            ],
            [
              139.3573687,
              35.3286058
            ],
            [
              139.3573968,
              35.328649
            ],
            [
              139.3575165,
              35.3286736
            ],
            [
              139.3576494,
              35.3284688
            ],
            [
              139.3574716,
              35.3284092
            ],
            [
              139.3574525,
              35.3284341
            ],
            [
              139.3572528,
              35.3283618
            ],
            [
              139.3572358,
              35.3283909
            ],
            [
              139.3570043,
              35.3282932
            ],
            [
              139.3570788,
              35.3281504
            ],
            [
              139.3569639,
              35.3281063
            ],
            [
              139.3570439,
              35.32797
            ],
            [
              139.3571221,
              35.3279971
            ],
            [
              139.3571353,
              35.327979
            ],
            [
              139.357295,
              35.3280401
            ],
            [
              139.3575276,
              35.327634
            ],
            [
              139.357736,
              35.3277129
            ],
            [
              139.3577641,
              35.3276665
            ],
            [
              139.3578396,
              35.3276971
            ],
            [
              139.3578667,
              35.3277218
            ],
            [
              139.3578498,
              35.3277561
            ],
            [
              139.3579571,
              35.3277971
            ],
            [
              139.3579769,
              35.3277737
            ],
            [
              139.3580417,
              35.3277995
            ],
            [
              139.3580208,
              35.3278379
            ],
            [
              139.3579947,
              35.3278351
            ],
            [
              139.3577056,
              35.3283337
            ],
            [
              139.357761,
              35.3283584
            ],
            [
              139.3579963,
              35.3279426
            ],
            [
              139.358157,
              35.3279979
            ],
            [
              139.3581753,
              35.3279747
            ],
            [
              139.358417,
              35.3280736
            ],
            [
              139.3584062,
              35.3280976
            ],
            [
              139.3588245,
              35.3282571
            ],
            [
              139.3588362,
              35.3282431
            ],
            [
              139.3595522,
              35.3285443
            ],
            [
              139.3595391,
              35.3285806
            ],
            [
              139.3595837,
              35.3286019
            ],
            [
              139.3596242,
              35.3286506
            ],
            [
              139.3595398,
              35.3290834
            ],
            [
              139.3594527,
              35.3290716
            ],
            [
              139.3594147,
              35.3291106
            ],
            [
              139.3593567,
              35.3291454
            ],
            [
              139.3592977,
              35.3291628
            ],
            [
              139.3592305,
              35.3291759
            ],
            [
              139.3591656,
              35.3291733
            ],
            [
              139.3591079,
              35.3291642
            ],
            [
              139.3591162,
              35.3291421
            ],
            [
              139.3590192,
              35.3291178
            ],
            [
              139.3589887,
              35.3291811
            ],
            [
              139.3580558,
              35.3289626
            ],
            [
              139.3580463,
              35.3289889
            ],
            [
              139.3574224,
              35.3288578
            ],
            [
              139.3574344,
              35.3288378
            ],
            [
              139.3570868,
              35.3287629
            ],
            [
              139.3571086,
              35.328681
            ],
            [
              139.3570433,
              35.3286712
            ]
          ]
        ]
      },
      "properties": {
        "id": "way/131288193",
        "osm_type": "way",
        "osm_id": 131288193,
        "name": "Olympic Shonan City",
        "name:ja": "Olympic Shonan City",
        "role": "complex",
        "class": "entertainment_complex",
        "render_class": "mall",
        "category": "landmark",
        "area_m2": 22216,
        "minzoom": 13,
        "detail_zoom": 16,
        "max_signature_children": 1,
        "icon_size": "L",
        "icon_anchor": [
          139.35926949333336,
          35.32887168
        ],
        "shop": "mall"
      }
    },
    {
      "type": "Feature",
      "id": "node/9480267351",
      "geometry": {
        "type": "Point",
        "coordinates": [
          139.3574576,
          35.328253
        ]
      },
      "properties": {
        "id": "node/9480267351",
        "osm_type": "node",
        "osm_id": 9480267351,
        "name": "シネプレックス平塚",
        "name:ja": "シネプレックス平塚",
        "role": "venue_candidate",
        "parent_id": "way/131288193",
        "class": "cinema",
        "render_class": "cinema",
        "category": "landmark",
        "amenity": "cinema",
        "independent_building": false,
        "area_m2": 0,
        "minzoom": 14,
        "icon_size": "M",
        "icon_anchor": [
          139.3574576,
          35.328253
        ]
      }
    },
    {
      "type": "Feature",
      "id": "way/135118057",
      "geometry": {
        "type": "Polygon",
        "coordinates": [
          [
            [
              139.5793808,
              35.5530431
            ],
            [
              139.5791618,
              35.5525878
            ],
            [
              139.5785327,
              35.5512799
            ],
            [
              139.5785647,
              35.5512211
            ],
            [
              139.5791974,
              35.5510096
            ],
            [
              139.5792819,
              35.5510431
            ],
            [
              139.5801197,
              35.5527935
            ],
            [
              139.5800729,
              35.5528087
            ],
            [
              139.5796063,
              35.5529602
            ],
            [
              139.5793808,
              35.5530431
            ]
          ]
        ]
      },
      "properties": {
        "id": "way/135118057",
        "osm_type": "way",
        "osm_id": 135118057,
        "name": "ノースポート・モール",
        "name:ja": "ノースポート・モール",
        "name:en": "Northport Mall",
        "role": "complex",
        "class": "entertainment_complex",
        "render_class": "mall",
        "category": "landmark",
        "area_m2": 15497,
        "minzoom": 13,
        "detail_zoom": 16,
        "max_signature_children": 1,
        "icon_size": "L",
        "icon_anchor": [
          139.5790617,
          35.551348516666664
        ],
        "shop": "mall"
      }
    },
    {
      "type": "Feature",
      "id": "node/2576625125",
      "geometry": {
        "type": "Point",
        "coordinates": [
          139.5796046,
          35.552549
        ]
      },
      "properties": {
        "id": "node/2576625125",
        "osm_type": "node",
        "osm_id": 2576625125,
        "name": "イオンシネマ",
        "name:ja": "イオンシネマ",
        "name:en": "AEON Cinema",
        "role": "venue_candidate",
        "parent_id": "way/135118057",
        "class": "cinema",
        "render_class": "cinema",
        "category": "landmark",
        "amenity": "cinema",
        "independent_building": false,
        "area_m2": 0,
        "minzoom": 14,
        "icon_size": "M",
        "icon_anchor": [
          139.5796046,
          35.552549
        ]
      }
    },
    {
      "type": "Feature",
      "id": "way/148654362",
      "geometry": {
        "type": "Polygon",
        "coordinates": [
          [
            [
              139.5753992,
              35.5512246
            ],
            [
              139.575297,
              35.5512588
            ],
            [
              139.5750068,
              35.5506844
            ],
            [
              139.5751215,
              35.550646
            ],
            [
              139.5751092,
              35.5506216
            ],
            [
              139.5749962,
              35.5506594
            ],
            [
              139.5747322,
              35.5501368
            ],
            [
              139.5747816,
              35.5501203
            ],
            [
              139.5747573,
              35.5500724
            ],
            [
              139.5749691,
              35.5500015
            ],
            [
              139.5749082,
              35.5498809
            ],
            [
              139.5753242,
              35.5497417
            ],
            [
              139.5754097,
              35.5499109
            ],
            [
              139.575433,
              35.5499031
            ],
            [
              139.5757071,
              35.5504458
            ],
            [
              139.5757973,
              35.5504155
            ],
            [
              139.5757606,
              35.550343
            ],
            [
              139.5764159,
              35.5501228
            ],
            [
              139.5765783,
              35.5504428
            ],
            [
              139.5757956,
              35.5509209
            ],
            [
              139.5754188,
              35.5512397
            ],
            [
              139.5753992,
              35.5512246
            ]
          ]
        ]
      },
      "properties": {
        "id": "way/148654362",
        "osm_type": "way",
        "osm_id": 148654362,
        "name": "港北みなも",
        "name:ja": "港北みなも",
        "name:en": "KOHOKU minamo",
        "role": "complex",
        "class": "retail_complex",
        "render_class": "mall",
        "category": "landmark",
        "area_m2": 12934,
        "minzoom": 13,
        "detail_zoom": 16,
        "max_signature_children": 1,
        "icon_size": "L",
        "icon_anchor": [
          139.57536900000002,
          35.55045534090909
        ],
        "shop": "mall"
      }
    },
    {
      "type": "Feature",
      "id": "way/154860734",
      "geometry": {
        "type": "Polygon",
        "coordinates": [
          [
            [
              139.4968989,
              35.5184342
            ],
            [
              139.4977766,
              35.518686
            ],
            [
              139.4983162,
              35.5188891
            ],
            [
              139.4991756,
              35.519299
            ],
            [
              139.4998493,
              35.5197511
            ],
            [
              139.4999134,
              35.519758
            ],
            [
              139.5001292,
              35.5195441
            ],
            [
              139.5005125,
              35.5189526
            ],
            [
              139.499911,
              35.5185218
            ],
            [
              139.4994046,
              35.5181928
            ],
            [
              139.4987266,
              35.5177979
            ],
            [
              139.4984005,
              35.5176228
            ],
            [
              139.4978032,
              35.5174068
            ],
            [
              139.4977489,
              35.517418
            ],
            [
              139.4971895,
              35.517951
            ],
            [
              139.4970422,
              35.51812
            ],
            [
              139.4969335,
              35.5182806
            ],
            [
              139.4968751,
              35.5184033
            ],
            [
              139.4968989,
              35.5184342
            ]
          ]
        ]
      },
      "properties": {
        "id": "way/154860734",
        "osm_type": "way",
        "osm_id": 154860734,
        "name": "アピタ長津田店",
        "name:ja": "アピタ長津田店",
        "role": "complex",
        "class": "retail_complex",
        "render_class": "mall",
        "category": "landmark",
        "area_m2": 37730,
        "minzoom": 13,
        "detail_zoom": 16,
        "max_signature_children": 1,
        "icon_size": "L",
        "icon_anchor": [
          139.4983950368421,
          35.51849806842106
        ],
        "shop": "mall"
      }
    },
    {
      "type": "Feature",
      "id": "way/154866186",
      "geometry": {
        "type": "Polygon",
        "coordinates": [
          [
            [
              139.5000054,
              35.5198084
            ],
            [
              139.5009783,
              35.5205009
            ],
            [
              139.5018536,
              35.5212658
            ],
            [
              139.5026014,
              35.520723
            ],
            [
              139.5024957,
              35.5205963
            ],
            [
              139.5009574,
              35.5193068
            ],
            [
              139.5006523,
              35.5190872
            ],
            [
              139.5002016,
              35.5196502
            ],
            [
              139.5000054,
              35.5198084
            ]
          ]
        ]
      },
      "properties": {
        "id": "way/154866186",
        "osm_type": "way",
        "osm_id": 154866186,
        "name": "スーパービバホーム長津田店",
        "name:ja": "スーパービバホーム長津田店",
        "role": "complex",
        "class": "retail_complex",
        "render_class": "mall",
        "category": "landmark",
        "area_m2": 22589,
        "minzoom": 13,
        "detail_zoom": 16,
        "max_signature_children": 1,
        "icon_size": "L",
        "icon_anchor": [
          139.50108345555557,
          35.520083
        ],
        "landuse": "retail",
        "shop": "doityourself"
      }
    },
    {
      "type": "Feature",
      "id": "way/158061946",
      "geometry": {
        "type": "Polygon",
        "coordinates": [
          [
            [
              139.6450817,
              35.5238397
            ],
            [
              139.6451305,
              35.5238445
            ],
            [
              139.6451367,
              35.5237464
            ],
            [
              139.6454523,
              35.52376
            ],
            [
              139.6457953,
              35.5240743
            ],
            [
              139.6458613,
              35.5240825
            ],
            [
              139.6461814,
              35.5243775
            ],
            [
              139.6461915,
              35.5243708
            ],
            [
              139.6462786,
              35.5244469
            ],
            [
              139.6462357,
              35.524478
            ],
            [
              139.6463353,
              35.524569
            ],
            [
              139.6463085,
              35.5248694
            ],
            [
              139.6463329,
              35.5248901
            ],
            [
              139.6463156,
              35.5249073
            ],
            [
              139.6462106,
              35.5249012
            ],
            [
              139.6462092,
              35.5248679
            ],
            [
              139.6458257,
              35.5248502
            ],
            [
              139.6451461,
              35.5248172
            ],
            [
              139.64514,
              35.5248433
            ],
            [
              139.6450486,
              35.5248387
            ],
            [
              139.6450307,
              35.5248224
            ],
            [
              139.645053,
              35.5248036
            ],
            [
              139.6450683,
              35.5246579
            ],
            [
              139.6450169,
              35.5246614
            ],
            [
              139.6450817,
              35.5238397
            ]
          ]
        ]
      },
      "properties": {
        "id": "way/158061946",
        "osm_type": "way",
        "osm_id": 158061946,
        "name": "トレッサ横浜 南棟",
        "name:ja": "トレッサ横浜 南棟",
        "role": "complex",
        "class": "retail_complex",
        "render_class": "mall",
        "category": "landmark",
        "area_m2": 10574,
        "minzoom": 13,
        "detail_zoom": 16,
        "max_signature_children": 1,
        "icon_size": "L",
        "icon_anchor": [
          139.64565872400001,
          35.52448639600001
        ],
        "shop": "mall"
      }
    },
    {
      "type": "Feature",
      "id": "way/158062459",
      "geometry": {
        "type": "Polygon",
        "coordinates": [
          [
            [
              139.644041,
              35.5252804
            ],
            [
              139.6457795,
              35.5253724
            ],
            [
              139.6468466,
              35.5254289
            ],
            [
              139.6467983,
              35.5259615
            ],
            [
              139.6464389,
              35.5259353
            ],
            [
              139.6464282,
              35.5258742
            ],
            [
              139.6463397,
              35.5258694
            ],
            [
              139.646337,
              35.5258043
            ],
            [
              139.6458354,
              35.525769
            ],
            [
              139.6458301,
              35.525865
            ],
            [
              139.6457442,
              35.525865
            ],
            [
              139.6457389,
              35.5259218
            ],
            [
              139.6443951,
              35.5258524
            ],
            [
              139.6443951,
              35.525765
            ],
            [
              139.6440142,
              35.5257301
            ],
            [
              139.644041,
              35.5252804
            ]
          ]
        ]
      },
      "properties": {
        "id": "way/158062459",
        "osm_type": "way",
        "osm_id": 158062459,
        "name": "トレッサ横浜 北棟",
        "name:ja": "トレッサ横浜 北棟",
        "role": "complex",
        "class": "retail_complex",
        "render_class": "mall",
        "category": "landmark",
        "area_m2": 14123,
        "minzoom": 13,
        "detail_zoom": 16,
        "max_signature_children": 1,
        "icon_size": "L",
        "icon_anchor": [
          139.64556270000003,
          35.52572344375
        ],
        "shop": "mall"
      }
    },
    {
      "type": "Feature",
      "id": "way/158232727",
      "geometry": {
        "type": "Polygon",
        "coordinates": [
          [
            [
              139.6188785,
              35.5090069
            ],
            [
              139.6191418,
              35.509205
            ],
            [
              139.6192715,
              35.509092
            ],
            [
              139.6201631,
              35.5097334
            ],
            [
              139.6201483,
              35.5097502
            ],
            [
              139.6201506,
              35.5097714
            ],
            [
              139.6201814,
              35.5097943
            ],
            [
              139.6201814,
              35.5098128
            ],
            [
              139.6196302,
              35.5102867
            ],
            [
              139.6195792,
              35.510291
            ],
            [
              139.6195819,
              35.5103216
            ],
            [
              139.6195417,
              35.5103238
            ],
            [
              139.6195418,
              35.5102959
            ],
            [
              139.6195391,
              35.5102785
            ],
            [
              139.6190616,
              35.5099373
            ],
            [
              139.6184929,
              35.5095094
            ],
            [
              139.6184661,
              35.5094723
            ],
            [
              139.6184607,
              35.5094352
            ],
            [
              139.6184608,
              35.5094024
            ],
            [
              139.6184689,
              35.5093702
            ],
            [
              139.6188785,
              35.5090069
            ]
          ]
        ]
      },
      "properties": {
        "id": "way/158232727",
        "osm_type": "way",
        "osm_id": 158232727,
        "name": "新横浜プリンスペペ",
        "name:ja": "新横浜プリンスペペ",
        "name:en": "Shin-yokohama Prince PePe",
        "role": "complex",
        "class": "retail_complex",
        "render_class": "mall",
        "category": "landmark",
        "area_m2": 11452,
        "minzoom": 13,
        "detail_zoom": 16,
        "max_signature_children": 1,
        "icon_size": "L",
        "icon_anchor": [
          139.61932476190478,
          35.50971891428571
        ],
        "shop": "mall"
      }
    },
    {
      "type": "Feature",
      "id": "way/161450369",
      "geometry": {
        "type": "Polygon",
        "coordinates": [
          [
            [
              139.3439961,
              35.4470842
            ],
            [
              139.3415625,
              35.4480857
            ],
            [
              139.3419757,
              35.4490851
            ],
            [
              139.3430994,
              35.4487951
            ],
            [
              139.3431671,
              35.448952
            ],
            [
              139.3446773,
              35.4485367
            ],
            [
              139.3447429,
              35.4485146
            ],
            [
              139.3447438,
              35.4485004
            ],
            [
              139.3446693,
              35.4482979
            ],
            [
              139.3446502,
              35.4482149
            ],
            [
              139.3443414,
              35.4475153
            ],
            [
              139.3442515,
              35.4473413
            ],
            [
              139.3441538,
              35.4472252
            ],
            [
              139.3440971,
              35.4470995
            ],
            [
              139.3439961,
              35.4470842
            ]
          ]
        ]
      },
      "properties": {
        "id": "way/161450369",
        "osm_type": "way",
        "osm_id": 161450369,
        "name": "アツギトレリス",
        "name:ja": "アツギトレリス",
        "role": "complex",
        "class": "retail_complex",
        "render_class": "mall",
        "category": "landmark",
        "area_m2": 38046,
        "minzoom": 13,
        "detail_zoom": 16,
        "max_signature_children": 1,
        "icon_size": "L",
        "icon_anchor": [
          139.3438749466667,
          35.44802214
        ],
        "landuse": "retail"
      }
    },
    {
      "type": "Feature",
      "id": "way/177269382",
      "geometry": {
        "type": "Polygon",
        "coordinates": [
          [
            [
              139.2962438,
              35.4015523
            ],
            [
              139.2969065,
              35.4018669
            ],
            [
              139.296584,
              35.4023532
            ],
            [
              139.2961334,
              35.4030121
            ],
            [
              139.2960627,
              35.403031
            ],
            [
              139.2955272,
              35.4038117
            ],
            [
              139.2954678,
              35.403786
            ],
            [
              139.2950698,
              35.4036411
            ],
            [
              139.2950922,
              35.4036088
            ],
            [
              139.294855,
              35.4034979
            ],
            [
              139.2948254,
              35.4034874
            ],
            [
              139.2947762,
              35.403348
            ],
            [
              139.2945832,
              35.4032513
            ],
            [
              139.2944844,
              35.4033043
            ],
            [
              139.294321,
              35.403159
            ],
            [
              139.2935921,
              35.4027972
            ],
            [
              139.2938581,
              35.4024239
            ],
            [
              139.2941809,
              35.4016436
            ],
            [
              139.2957022,
              35.4023419
            ],
            [
              139.2962438,
              35.4015523
            ]
          ]
        ]
      },
      "properties": {
        "id": "way/177269382",
        "osm_type": "way",
        "osm_id": 177269382,
        "name": "エムアイプラザ",
        "name:ja": "エムアイプラザ",
        "name:en": "MI PLAZA",
        "role": "complex",
        "class": "retail_complex",
        "render_class": "mall",
        "category": "landmark",
        "area_m2": 37738,
        "minzoom": 13,
        "detail_zoom": 16,
        "max_signature_children": 1,
        "icon_size": "L",
        "icon_anchor": [
          139.29522548499997,
          35.40287349500001
        ],
        "landuse": "retail"
      }
    },
    {
      "type": "Feature",
      "id": "way/178710566",
      "geometry": {
        "type": "Polygon",
        "coordinates": [
          [
            [
              139.4660101,
              35.3394109
            ],
            [
              139.4651483,
              35.3393681
            ],
            [
              139.4637181,
              35.3392972
            ],
            [
              139.4631046,
              35.3390925
            ],
            [
              139.4633723,
              35.3384738
            ],
            [
              139.4633667,
              35.3384601
            ],
            [
              139.4634113,
              35.3383509
            ],
            [
              139.4638798,
              35.338492
            ],
            [
              139.4638575,
              35.3385602
            ],
            [
              139.46393,
              35.3385693
            ],
            [
              139.4647553,
              35.3385966
            ],
            [
              139.4648334,
              35.3384874
            ],
            [
              139.4650175,
              35.3383737
            ],
            [
              139.4652238,
              35.3383828
            ],
            [
              139.4652238,
              35.3382963
            ],
            [
              139.4660591,
              35.3383491
            ],
            [
              139.4660882,
              35.3383509
            ],
            [
              139.4660101,
              35.3394109
            ]
          ]
        ]
      },
      "properties": {
        "id": "way/178710566",
        "osm_type": "way",
        "osm_id": 178710566,
        "name": "湘南モールフィル",
        "name:ja": "湘南モールフィル",
        "role": "complex",
        "class": "retail_complex",
        "render_class": "mall",
        "category": "landmark",
        "area_m2": 25033,
        "minzoom": 13,
        "detail_zoom": 16,
        "max_signature_children": 1,
        "icon_size": "L",
        "icon_anchor": [
          139.4646116611111,
          35.338684594444445
        ],
        "shop": "mall"
      }
    },
    {
      "type": "Feature",
      "id": "way/178710680",
      "geometry": {
        "type": "Polygon",
        "coordinates": [
          [
            [
              139.4641855,
              35.3409936
            ],
            [
              139.4652138,
              35.3410481
            ],
            [
              139.465248,
              35.3406187
            ],
            [
              139.4647904,
              35.3405944
            ],
            [
              139.4648307,
              35.3400878
            ],
            [
              139.4649109,
              35.340092
            ],
            [
              139.4649199,
              35.3399789
            ],
            [
              139.4648623,
              35.3399758
            ],
            [
              139.4648731,
              35.3398407
            ],
            [
              139.4650548,
              35.3398504
            ],
            [
              139.4650593,
              35.3397948
            ],
            [
              139.4650858,
              35.3397962
            ],
            [
              139.4651085,
              35.3395108
            ],
            [
              139.4647583,
              35.3394922
            ],
            [
              139.464756,
              35.3395216
            ],
            [
              139.4636808,
              35.3394646
            ],
            [
              139.4636844,
              35.3394194
            ],
            [
              139.4630722,
              35.339387
            ],
            [
              139.4630316,
              35.3398966
            ],
            [
              139.4641384,
              35.3399553
            ],
            [
              139.4642566,
              35.3401141
            ],
            [
              139.4641855,
              35.3409936
            ]
          ]
        ]
      },
      "properties": {
        "id": "way/178710680",
        "osm_type": "way",
        "osm_id": 178710680,
        "name": "MrMax湘南藤沢ショッピングセンター",
        "name:ja": "MrMax湘南藤沢ショッピングセンター",
        "role": "complex",
        "class": "retail_complex",
        "render_class": "mall",
        "category": "landmark",
        "area_m2": 17687,
        "minzoom": 13,
        "detail_zoom": 16,
        "max_signature_children": 1,
        "icon_size": "L",
        "icon_anchor": [
          139.46453212727275,
          35.3400193909091
        ],
        "shop": "mall"
      }
    },
    {
      "type": "Feature",
      "id": "way/182031703",
      "geometry": {
        "type": "Polygon",
        "coordinates": [
          [
            [
              139.6614038,
              35.5742141
            ],
            [
              139.6614114,
              35.5741612
            ],
            [
              139.6613787,
              35.5740946
            ],
            [
              139.6614297,
              35.5740753
            ],
            [
              139.6613757,
              35.5739898
            ],
            [
              139.6613493,
              35.574002
            ],
            [
              139.6613204,
              35.573958
            ],
            [
              139.6613486,
              35.5739445
            ],
            [
              139.6612881,
              35.5738434
            ],
            [
              139.6612247,
              35.5737433
            ],
            [
              139.6612079,
              35.5737507
            ],
            [
              139.661174,
              35.573691
            ],
            [
              139.6611885,
              35.5736863
            ],
            [
              139.6610046,
              35.5733961
            ],
            [
              139.6609634,
              35.5733725
            ],
            [
              139.6609014,
              35.5733567
            ],
            [
              139.6606874,
              35.5733287
            ],
            [
              139.6606841,
              35.5733621
            ],
            [
              139.6604742,
              35.573336
            ],
            [
              139.6603716,
              35.5733229
            ],
            [
              139.6603589,
              35.5733777
            ],
            [
              139.6603178,
              35.5733728
            ],
            [
              139.6603208,
              35.5733428
            ],
            [
              139.6596411,
              35.5732594
            ],
            [
              139.6595665,
              35.5732502
            ],
            [
              139.6595616,
              35.5732759
            ],
            [
              139.6594899,
              35.573269
            ],
            [
              139.6594894,
              35.5732374
            ],
            [
              139.6593736,
              35.5732257
            ],
            [
              139.65929,
              35.5732165
            ],
            [
              139.6592739,
              35.5733032
            ],
            [
              139.659188,
              35.5732945
            ],
            [
              139.6591798,
              35.5733352
            ],
            [
              139.6589619,
              35.5734763
            ],
            [
              139.6589105,
              35.5737858
            ],
            [
              139.6589966,
              35.5737998
            ],
            [
              139.6589854,
              35.5738721
            ],
            [
              139.6590817,
              35.5738852
            ],
            [
              139.6590633,
              35.5740242
            ],
            [
              139.6591451,
              35.5740341
            ],
            [
              139.6591435,
              35.5740749
            ],
            [
              139.6593421,
              35.5741001
            ],
            [
              139.6593491,
              35.5740611
            ],
            [
              139.6606604,
              35.5742291
            ],
            [
              139.6606613,
              35.5742479
            ],
            [
              139.6609055,
              35.5742778
            ],
            [
              139.6609092,
              35.5742609
            ],
            [
              139.6612135,
              35.5742999
            ],
            [
              139.6612842,
              35.5743051
            ],
            [
              139.6613428,
              35.5742871
            ],
            [
              139.6613851,
              35.5742558
            ],
            [
              139.6614038,
              35.5742141
            ]
          ]
        ]
      },
      "properties": {
        "id": "way/182031703",
        "osm_type": "way",
        "osm_id": 182031703,
        "name": "グランツリー武蔵小杉",
        "name:ja": "グランツリー武蔵小杉",
        "role": "complex",
        "class": "retail_complex",
        "render_class": "mall",
        "category": "landmark",
        "area_m2": 19156,
        "minzoom": 13,
        "detail_zoom": 16,
        "max_signature_children": 1,
        "icon_size": "L",
        "icon_anchor": [
          139.6603458423077,
          35.5737477076923
        ],
        "shop": "mall"
      }
    },
    {
      "type": "Feature",
      "id": "way/183526675",
      "geometry": {
        "type": "Polygon",
        "coordinates": [
          [
            [
              139.520215,
              35.4044518
            ],
            [
              139.5197505,
              35.4037858
            ],
            [
              139.5189192,
              35.4041677
            ],
            [
              139.5189612,
              35.4042288
            ],
            [
              139.5186223,
              35.4043706
            ],
            [
              139.5189072,
              35.4047715
            ],
            [
              139.5190572,
              35.4050013
            ],
            [
              139.5192552,
              35.4048815
            ],
            [
              139.5193827,
              35.4049033
            ],
            [
              139.519813,
              35.4046493
            ],
            [
              139.520215,
              35.4044518
            ]
          ]
        ]
      },
      "properties": {
        "id": "way/183526675",
        "osm_type": "way",
        "osm_id": 183526675,
        "name": "ヤマダ電機",
        "name:ja": "ヤマダ電機",
        "name:en": "Yamada Denki",
        "role": "complex",
        "class": "retail_complex",
        "render_class": "mall",
        "category": "landmark",
        "area_m2": 10255,
        "minzoom": 13,
        "detail_zoom": 16,
        "max_signature_children": 1,
        "icon_size": "L",
        "icon_anchor": [
          139.51937259090911,
          35.404514854545454
        ],
        "landuse": "retail",
        "shop": "electronics"
      }
    },
    {
      "type": "Feature",
      "id": "way/184430948",
      "geometry": {
        "type": "Polygon",
        "coordinates": [
          [
            [
              139.5777371,
              35.5496252
            ],
            [
              139.5783258,
              35.5494354
            ],
            [
              139.5783553,
              35.5493298
            ],
            [
              139.577808,
              35.5480792
            ],
            [
              139.5777322,
              35.5480521
            ],
            [
              139.5771744,
              35.5482245
            ],
            [
              139.577482,
              35.5487852
            ],
            [
              139.5772526,
              35.5488592
            ],
            [
              139.5772278,
              35.5488672
            ],
            [
              139.57728,
              35.549002
            ],
            [
              139.5774152,
              35.5490491
            ],
            [
              139.5777371,
              35.5496252
            ]
          ]
        ]
      },
      "properties": {
        "id": "way/184430948",
        "osm_type": "way",
        "osm_id": 184430948,
        "name": "ルララこうほく",
        "name:ja": "ルララこうほく",
        "name:en": "LuRaRa Kouhoku",
        "role": "complex",
        "class": "retail_complex",
        "render_class": "mall",
        "category": "landmark",
        "area_m2": 10387,
        "minzoom": 13,
        "detail_zoom": 16,
        "max_signature_children": 1,
        "icon_size": "L",
        "icon_anchor": [
          139.57762729166663,
          35.548911175
        ],
        "shop": "mall"
      }
    },
    {
      "type": "Feature",
      "id": "way/186773126",
      "geometry": {
        "type": "Polygon",
        "coordinates": [
          [
            [
              139.4638629,
              35.6182856
            ],
            [
              139.4638961,
              35.6182841
            ],
            [
              139.4649482,
              35.617307
            ],
            [
              139.4649412,
              35.6172746
            ],
            [
              139.4643287,
              35.6168217
            ],
            [
              139.4642262,
              35.6167956
            ],
            [
              139.4635566,
              35.6167963
            ],
            [
              139.4635193,
              35.6168309
            ],
            [
              139.4635179,
              35.6179023
            ],
            [
              139.4635771,
              35.617902
            ],
            [
              139.4635897,
              35.6179786
            ],
            [
              139.4636551,
              35.6181213
            ],
            [
              139.4638629,
              35.6182856
            ]
          ]
        ]
      },
      "properties": {
        "id": "way/186773126",
        "osm_type": "way",
        "osm_id": 186773126,
        "name": "はるひ野ショッピングセンター",
        "name:ja": "はるひ野ショッピングセンター",
        "role": "complex",
        "class": "retail_complex",
        "render_class": "mall",
        "category": "landmark",
        "area_m2": 13957,
        "minzoom": 13,
        "detail_zoom": 16,
        "max_signature_children": 1,
        "icon_size": "L",
        "icon_anchor": [
          139.46396014615385,
          35.6175835076923
        ],
        "landuse": "retail",
        "shop": "mall"
      }
    },
    {
      "type": "Feature",
      "id": "way/214602073",
      "geometry": {
        "type": "Polygon",
        "coordinates": [
          [
            [
              139.7628974,
              35.4954106
            ],
            [
              139.7630521,
              35.4953717
            ],
            [
              139.7645122,
              35.4960657
            ],
            [
              139.762405,
              35.4992723
            ],
            [
              139.7622306,
              35.4991876
            ],
            [
              139.7621877,
              35.4991078
            ],
            [
              139.762153,
              35.4990016
            ],
            [
              139.76218,
              35.4988119
            ],
            [
              139.7622166,
              35.4985485
            ],
            [
              139.7621575,
              35.4983195
            ],
            [
              139.7620238,
              35.498134
            ],
            [
              139.7618536,
              35.4980137
            ],
            [
              139.7617073,
              35.4979221
            ],
            [
              139.7616173,
              35.4978316
            ],
            [
              139.761585,
              35.4977343
            ],
            [
              139.7616004,
              35.4975969
            ],
            [
              139.7616384,
              35.4974434
            ],
            [
              139.7617313,
              35.4972585
            ],
            [
              139.7628974,
              35.4954106
            ]
          ]
        ]
      },
      "properties": {
        "id": "way/214602073",
        "osm_type": "way",
        "osm_id": 214602073,
        "name": "川崎マリエン",
        "name:ja": "川崎マリエン",
        "name:en": "Kawasaki Marien",
        "role": "complex",
        "class": "retail_complex",
        "render_class": "mall",
        "category": "landmark",
        "area_m2": 53709,
        "minzoom": 13,
        "detail_zoom": 16,
        "max_signature_children": 1,
        "icon_size": "L",
        "icon_anchor": [
          139.76224455789475,
          35.49770748947368
        ],
        "landuse": "retail"
      }
    },
    {
      "type": "Feature",
      "id": "way/224622053",
      "geometry": {
        "type": "Polygon",
        "coordinates": [
          [
            [
              139.4451939,
              35.3373056
            ],
            [
              139.4451938,
              35.3380332
            ],
            [
              139.4457588,
              35.3380501
            ],
            [
              139.4457579,
              35.3380902
            ],
            [
              139.4457197,
              35.3397368
            ],
            [
              139.446333,
              35.3397485
            ],
            [
              139.4463352,
              35.3396692
            ],
            [
              139.4468323,
              35.3396786
            ],
            [
              139.4468612,
              35.3386634
            ],
            [
              139.4468273,
              35.3386627
            ],
            [
              139.4467649,
              35.3386615
            ],
            [
              139.4467691,
              35.3385138
            ],
            [
              139.4467816,
              35.3383099
            ],
            [
              139.4464913,
              35.3380481
            ],
            [
              139.4465129,
              35.3375114
            ],
            [
              139.4465169,
              35.3374117
            ],
            [
              139.4464131,
              35.3374115
            ],
            [
              139.4464159,
              35.3373248
            ],
            [
              139.4461124,
              35.3373221
            ],
            [
              139.4459702,
              35.3373197
            ],
            [
              139.4451939,
              35.3373056
            ]
          ]
        ]
      },
      "properties": {
        "id": "way/224622053",
        "osm_type": "way",
        "osm_id": 224622053,
        "name": "テラスモール湘南",
        "name:ja": "テラスモール湘南",
        "role": "complex",
        "class": "entertainment_complex",
        "render_class": "mall",
        "category": "landmark",
        "area_m2": 27180,
        "minzoom": 13,
        "detail_zoom": 16,
        "max_signature_children": 1,
        "icon_size": "L",
        "icon_anchor": [
          139.44547169999998,
          35.33754989
        ],
        "shop": "mall"
      }
    },
    {
      "type": "Feature",
      "id": "node/2206216553",
      "geometry": {
        "type": "Point",
        "coordinates": [
          139.446402,
          35.339002
        ]
      },
      "properties": {
        "id": "node/2206216553",
        "osm_type": "node",
        "osm_id": 2206216553,
        "name": "109シネマズ",
        "name:ja": "109シネマズ",
        "name:en": "109 Cinemas",
        "role": "venue_candidate",
        "parent_id": "way/224622053",
        "class": "cinema",
        "render_class": "cinema",
        "category": "landmark",
        "amenity": "cinema",
        "independent_building": false,
        "area_m2": 0,
        "minzoom": 14,
        "icon_size": "M",
        "icon_anchor": [
          139.446402,
          35.339002
        ]
      }
    },
    {
      "type": "Feature",
      "id": "way/225816488",
      "geometry": {
        "type": "Polygon",
        "coordinates": [
          [
            [
              139.5581519,
              35.4298445
            ],
            [
              139.5581519,
              35.430215
            ],
            [
              139.5581518,
              35.4303292
            ],
            [
              139.5581518,
              35.4303352
            ],
            [
              139.5581518,
              35.4304742
            ],
            [
              139.5581517,
              35.4307285
            ],
            [
              139.5594985,
              35.4307286
            ],
            [
              139.5594986,
              35.4303121
            ],
            [
              139.5594989,
              35.4302753
            ],
            [
              139.5594986,
              35.4302473
            ],
            [
              139.5594987,
              35.4298448
            ],
            [
              139.5581519,
              35.4298445
            ]
          ]
        ]
      },
      "properties": {
        "id": "way/225816488",
        "osm_type": "way",
        "osm_id": 225816488,
        "name": "オーロラモール東戸塚(AURORA MALL)",
        "name:ja": "オーロラモール東戸塚(AURORA MALL)",
        "role": "complex",
        "class": "retail_complex",
        "render_class": "mall",
        "category": "landmark",
        "area_m2": 11940,
        "minzoom": 13,
        "detail_zoom": 16,
        "max_signature_children": 1,
        "icon_size": "L",
        "icon_anchor": [
          139.55871300833334,
          35.43026493333333
        ],
        "shop": "mall"
      }
    },
    {
      "type": "Feature",
      "id": "way/225816489",
      "geometry": {
        "type": "Polygon",
        "coordinates": [
          [
            [
              139.5606258,
              35.4307238
            ],
            [
              139.5616723,
              35.4307199
            ],
            [
              139.5616739,
              35.4303546
            ],
            [
              139.5622236,
              35.4303574
            ],
            [
              139.5622097,
              35.4303025
            ],
            [
              139.5620943,
              35.4298469
            ],
            [
              139.5605661,
              35.4298515
            ],
            [
              139.5605656,
              35.4301989
            ],
            [
              139.5605838,
              35.4301992
            ],
            [
              139.5605841,
              35.430241
            ],
            [
              139.5606276,
              35.4302412
            ],
            [
              139.5606275,
              35.4302938
            ],
            [
              139.5606268,
              35.4303213
            ],
            [
              139.5606262,
              35.4303551
            ],
            [
              139.5606258,
              35.4307238
            ]
          ]
        ]
      },
      "properties": {
        "id": "way/225816489",
        "osm_type": "way",
        "osm_id": 225816489,
        "name": "イオン東戸塚店",
        "name:ja": "イオン東戸塚店",
        "role": "complex",
        "class": "retail_complex",
        "render_class": "mall",
        "category": "landmark",
        "area_m2": 11862,
        "minzoom": 13,
        "detail_zoom": 16,
        "max_signature_children": 1,
        "icon_size": "L",
        "icon_anchor": [
          139.56106220666663,
          35.43031539333334
        ],
        "shop": "mall"
      }
    },
    {
      "type": "Feature",
      "id": "way/226663233",
      "geometry": {
        "type": "Polygon",
        "coordinates": [
          [
            [
              139.6308435,
              35.4583753
            ],
            [
              139.6309269,
              35.4582717
            ],
            [
              139.6308996,
              35.4582571
            ],
            [
              139.6309217,
              35.4582297
            ],
            [
              139.6314644,
              35.4575564
            ],
            [
              139.6320754,
              35.4567981
            ],
            [
              139.6321391,
              35.4568322
            ],
            [
              139.6321938,
              35.4567643
            ],
            [
              139.6322089,
              35.4567723
            ],
            [
              139.6327274,
              35.4570494
            ],
            [
              139.6326403,
              35.4571575
            ],
            [
              139.6327246,
              35.4572025
            ],
            [
              139.6323664,
              35.4576474
            ],
            [
              139.6322479,
              35.4575841
            ],
            [
              139.6320274,
              35.4578581
            ],
            [
              139.6319855,
              35.45791
            ],
            [
              139.6320129,
              35.4579247
            ],
            [
              139.6321089,
              35.457976
            ],
            [
              139.6318997,
              35.458236
            ],
            [
              139.631858,
              35.4582878
            ],
            [
              139.6317102,
              35.4584715
            ],
            [
              139.6316258,
              35.4584265
            ],
            [
              139.631468,
              35.4586228
            ],
            [
              139.6314435,
              35.4586533
            ],
            [
              139.6313564,
              35.4586681
            ],
            [
              139.6312464,
              35.4586093
            ],
            [
              139.631257,
              35.4585961
            ],
            [
              139.6311032,
              35.458514
            ],
            [
              139.6308435,
              35.4583753
            ]
          ]
        ]
      },
      "properties": {
        "id": "way/226663233",
        "osm_type": "way",
        "osm_id": 226663233,
        "name": "MARK IS minatomirai",
        "name:ja": "MARK IS みなとみらい",
        "name:en": "MARK IS minatomirai",
        "role": "complex",
        "class": "retail_complex",
        "render_class": "mall",
        "category": "landmark",
        "area_m2": 14920,
        "minzoom": 13,
        "detail_zoom": 16,
        "max_signature_children": 1,
        "icon_size": "L",
        "icon_anchor": [
          139.63173538965518,
          35.457918189655175
        ],
        "shop": "mall"
      }
    },
    {
      "type": "Feature",
      "id": "way/232431268",
      "geometry": {
        "type": "Polygon",
        "coordinates": [
          [
            [
              139.2752288,
              35.2993147
            ],
            [
              139.2749406,
              35.3002878
            ],
            [
              139.2752685,
              35.3004202
            ],
            [
              139.276219,
              35.3005338
            ],
            [
              139.2770868,
              35.3005824
            ],
            [
              139.2777028,
              35.30065
            ],
            [
              139.2781632,
              35.3011771
            ],
            [
              139.2783289,
              35.3013942
            ],
            [
              139.2786004,
              35.3017501
            ],
            [
              139.2789713,
              35.3019745
            ],
            [
              139.2796768,
              35.3020934
            ],
            [
              139.2799311,
              35.3021363
            ],
            [
              139.2803657,
              35.3022096
            ],
            [
              139.2811208,
              35.3022934
            ],
            [
              139.2816772,
              35.3022312
            ],
            [
              139.2822535,
              35.3021583
            ],
            [
              139.2830087,
              35.3021988
            ],
            [
              139.2860623,
              35.3026367
            ],
            [
              139.2864929,
              35.3015744
            ],
            [
              139.286473,
              35.3013041
            ],
            [
              139.2859431,
              35.3011014
            ],
            [
              139.2847177,
              35.3008203
            ],
            [
              139.2797132,
              35.3000121
            ],
            [
              139.2770206,
              35.2995958
            ],
            [
              139.2752288,
              35.2993147
            ]
          ]
        ]
      },
      "properties": {
        "id": "way/232431268",
        "osm_type": "way",
        "osm_id": 232431268,
        "name": "大磯プリンスホテル",
        "name:ja": "大磯プリンスホテル",
        "role": "complex",
        "class": "retail_complex",
        "render_class": "mall",
        "category": "landmark",
        "area_m2": 179770,
        "minzoom": 13,
        "detail_zoom": 16,
        "max_signature_children": 1,
        "icon_size": "L",
        "icon_anchor": [
          139.28000782800004,
          35.301190612000006
        ],
        "landuse": "retail"
      }
    },
    {
      "type": "Feature",
      "id": "way/250157923",
      "geometry": {
        "type": "Polygon",
        "coordinates": [
          [
            [
              139.5720424,
              35.5449732
            ],
            [
              139.5726388,
              35.5445505
            ],
            [
              139.5725828,
              35.544467
            ],
            [
              139.5725943,
              35.5444147
            ],
            [
              139.5725784,
              35.5444002
            ],
            [
              139.5726808,
              35.5443282
            ],
            [
              139.5727559,
              35.5443505
            ],
            [
              139.5730283,
              35.5441586
            ],
            [
              139.5729441,
              35.5440759
            ],
            [
              139.572923,
              35.5440748
            ],
            [
              139.5729167,
              35.5440404
            ],
            [
              139.5729443,
              35.5440314
            ],
            [
              139.5729672,
              35.544015
            ],
            [
              139.5729816,
              35.5439919
            ],
            [
              139.5729869,
              35.5439701
            ],
            [
              139.5730301,
              35.5439741
            ],
            [
              139.5730247,
              35.5439393
            ],
            [
              139.5730571,
              35.5439392
            ],
            [
              139.5730893,
              35.5439306
            ],
            [
              139.5732388,
              35.543827
            ],
            [
              139.5731374,
              35.543728
            ],
            [
              139.5731635,
              35.5437042
            ],
            [
              139.5731113,
              35.5436566
            ],
            [
              139.5730979,
              35.5436659
            ],
            [
              139.5730725,
              35.5436431
            ],
            [
              139.5731208,
              35.5436074
            ],
            [
              139.5729216,
              35.5434158
            ],
            [
              139.5724654,
              35.5435711
            ],
            [
              139.5714418,
              35.5442898
            ],
            [
              139.5714742,
              35.5443155
            ],
            [
              139.5714309,
              35.5443458
            ],
            [
              139.5716203,
              35.5445328
            ],
            [
              139.5716456,
              35.5445578
            ],
            [
              139.5716303,
              35.5445699
            ],
            [
              139.5717486,
              35.5446827
            ],
            [
              139.571736,
              35.5446915
            ],
            [
              139.5720424,
              35.5449732
            ]
          ]
        ]
      },
      "properties": {
        "id": "way/250157923",
        "osm_type": "way",
        "osm_id": 250157923,
        "name": "港北TOKYU S.C.",
        "name:ja": "港北TOKYU S.C.",
        "name:en": "Kohoku TOKYU S.C.",
        "role": "complex",
        "class": "entertainment_complex",
        "render_class": "mall",
        "category": "landmark",
        "area_m2": 13561,
        "minzoom": 13,
        "detail_zoom": 16,
        "max_signature_children": 1,
        "icon_size": "L",
        "icon_anchor": [
          139.57203353333333,
          35.54460980666667
        ],
        "shop": "mall"
      }
    },
    {
      "type": "Feature",
      "id": "node/4085806781",
      "geometry": {
        "type": "Point",
        "coordinates": [
          139.5727426,
          35.5437285
        ]
      },
      "properties": {
        "id": "node/4085806781",
        "osm_type": "node",
        "osm_id": 4085806781,
        "name": "109シネマズ",
        "name:ja": "109シネマズ",
        "name:en": "109 Cinemas",
        "role": "venue_candidate",
        "parent_id": "way/250157923",
        "class": "cinema",
        "render_class": "cinema",
        "category": "landmark",
        "amenity": "cinema",
        "independent_building": false,
        "area_m2": 0,
        "minzoom": 14,
        "icon_size": "M",
        "icon_anchor": [
          139.5727426,
          35.5437285
        ]
      }
    },
    {
      "type": "Feature",
      "id": "way/259152845",
      "geometry": {
        "type": "Polygon",
        "coordinates": [
          [
            [
              139.4088798,
              35.5560049
            ],
            [
              139.4089528,
              35.5559376
            ],
            [
              139.4088678,
              35.5558824
            ],
            [
              139.4092748,
              35.5554895
            ],
            [
              139.409249,
              35.5554706
            ],
            [
              139.4097426,
              35.5549851
            ],
            [
              139.4098304,
              35.5550514
            ],
            [
              139.4099584,
              35.5549252
            ],
            [
              139.4099174,
              35.5548975
            ],
            [
              139.4103493,
              35.5544879
            ],
            [
              139.4104367,
              35.5545432
            ],
            [
              139.4103513,
              35.5546232
            ],
            [
              139.4104176,
              35.5546653
            ],
            [
              139.4103758,
              35.5547088
            ],
            [
              139.4104,
              35.5547249
            ],
            [
              139.4109566,
              35.5551145
            ],
            [
              139.4109263,
              35.5551418
            ],
            [
              139.410769,
              35.5552924
            ],
            [
              139.4107992,
              35.5553137
            ],
            [
              139.4107331,
              35.555376
            ],
            [
              139.4107037,
              35.5553548
            ],
            [
              139.4102626,
              35.5557768
            ],
            [
              139.4099037,
              35.5555327
            ],
            [
              139.4091942,
              35.5562201
            ],
            [
              139.4088798,
              35.5560049
            ]
          ]
        ]
      },
      "properties": {
        "id": "way/259152845",
        "osm_type": "way",
        "osm_id": 259152845,
        "name": "ニトリモール相模原",
        "name:ja": "ニトリモール相模原",
        "role": "complex",
        "class": "retail_complex",
        "render_class": "mall",
        "category": "landmark",
        "area_m2": 13454,
        "minzoom": 13,
        "detail_zoom": 16,
        "max_signature_children": 1,
        "icon_size": "L",
        "icon_anchor": [
          139.41000527600002,
          35.555261007999995
        ],
        "shop": "mall"
      }
    },
    {
      "type": "Feature",
      "id": "way/266507580",
      "geometry": {
        "type": "Polygon",
        "coordinates": [
          [
            [
              139.5486059,
              35.4199955
            ],
            [
              139.548685,
              35.4198885
            ],
            [
              139.5487427,
              35.4198163
            ],
            [
              139.5487923,
              35.4197551
            ],
            [
              139.545457,
              35.4179922
            ],
            [
              139.5454328,
              35.4180163
            ],
            [
              139.5461865,
              35.4187431
            ],
            [
              139.5464132,
              35.4190185
            ],
            [
              139.5466774,
              35.4192447
            ],
            [
              139.5468732,
              35.4193769
            ],
            [
              139.5471467,
              35.419484
            ],
            [
              139.5475357,
              35.4197496
            ],
            [
              139.5479206,
              35.4198961
            ],
            [
              139.5481673,
              35.4199704
            ],
            [
              139.5484168,
              35.4199988
            ],
            [
              139.5486059,
              35.4199955
            ]
          ]
        ]
      },
      "properties": {
        "id": "way/266507580",
        "osm_type": "way",
        "osm_id": 266507580,
        "name": "いすゞ自動車首都圏株式会社 横浜支店",
        "name:ja": "いすゞ自動車首都圏株式会社 横浜支店",
        "role": "complex",
        "class": "retail_complex",
        "render_class": "mall",
        "category": "landmark",
        "area_m2": 15529,
        "minzoom": 13,
        "detail_zoom": 16,
        "max_signature_children": 1,
        "icon_size": "L",
        "icon_anchor": [
          139.5474786875,
          35.41943384375001
        ],
        "landuse": "retail"
      }
    },
    {
      "type": "Feature",
      "id": "way/270593689",
      "geometry": {
        "type": "Polygon",
        "coordinates": [
          [
            [
              139.5321606,
              35.4045072
            ],
            [
              139.5321244,
              35.4043946
            ],
            [
              139.5321781,
              35.4040612
            ],
            [
              139.5322076,
              35.4037147
            ],
            [
              139.5323685,
              35.4037212
            ],
            [
              139.5324114,
              35.4030872
            ],
            [
              139.5331678,
              35.4031266
            ],
            [
              139.5331195,
              35.404059
            ],
            [
              139.5332443,
              35.4044744
            ],
            [
              139.5331759,
              35.4045083
            ],
            [
              139.5330659,
              35.40454
            ],
            [
              139.5328553,
              35.404564
            ],
            [
              139.5323216,
              35.4045476
            ],
            [
              139.5321606,
              35.4045072
            ]
          ]
        ]
      },
      "properties": {
        "id": "way/270593689",
        "osm_type": "way",
        "osm_id": 270593689,
        "name": "戸塚住宅公園",
        "name:ja": "戸塚住宅公園",
        "role": "complex",
        "class": "retail_complex",
        "render_class": "mall",
        "category": "landmark",
        "area_m2": 12942,
        "minzoom": 13,
        "detail_zoom": 16,
        "max_signature_children": 1,
        "icon_size": "L",
        "icon_anchor": [
          139.53261153571427,
          35.404129514285714
        ],
        "landuse": "retail"
      }
    },
    {
      "type": "Feature",
      "id": "way/272516392",
      "geometry": {
        "type": "Polygon",
        "coordinates": [
          [
            [
              139.5302337,
              35.401369
            ],
            [
              139.5303772,
              35.4013898
            ],
            [
              139.5303939,
              35.4014226
            ],
            [
              139.5303309,
              35.4015319
            ],
            [
              139.5305059,
              35.4016702
            ],
            [
              139.5305705,
              35.4017609
            ],
            [
              139.5306108,
              35.4018697
            ],
            [
              139.5308653,
              35.4016527
            ],
            [
              139.5310699,
              35.4017883
            ],
            [
              139.5313515,
              35.4014942
            ],
            [
              139.5314877,
              35.4013962
            ],
            [
              139.5314469,
              35.4013472
            ],
            [
              139.531409,
              35.4012833
            ],
            [
              139.5314469,
              35.4012376
            ],
            [
              139.531413,
              35.4012216
            ],
            [
              139.5312693,
              35.4009948
            ],
            [
              139.5311913,
              35.4008332
            ],
            [
              139.5314166,
              35.4007558
            ],
            [
              139.5313751,
              35.4006637
            ],
            [
              139.5315703,
              35.4005938
            ],
            [
              139.5315292,
              35.4005191
            ],
            [
              139.5314138,
              35.4004842
            ],
            [
              139.5311228,
              35.4005743
            ],
            [
              139.5306494,
              35.4008831
            ],
            [
              139.5305541,
              35.4009247
            ],
            [
              139.5304281,
              35.4009663
            ],
            [
              139.5302954,
              35.4009897
            ],
            [
              139.5302337,
              35.401369
            ]
          ]
        ]
      },
      "properties": {
        "id": "way/272516392",
        "osm_type": "way",
        "osm_id": 272516392,
        "name": "サクラス 戸塚",
        "name:ja": "サクラス 戸塚",
        "role": "complex",
        "class": "retail_complex",
        "render_class": "mall",
        "category": "landmark",
        "area_m2": 10096,
        "minzoom": 13,
        "detail_zoom": 16,
        "max_signature_children": 1,
        "icon_size": "L",
        "icon_anchor": [
          139.53094864999997,
          35.40117810357143
        ],
        "landuse": "retail"
      }
    },
    {
      "type": "Feature",
      "id": "way/274204695",
      "geometry": {
        "type": "Polygon",
        "coordinates": [
          [
            [
              139.6622345,
              35.2841239
            ],
            [
              139.6637029,
              35.2835908
            ],
            [
              139.662926,
              35.282222
            ],
            [
              139.6628812,
              35.2820837
            ],
            [
              139.6626275,
              35.2820079
            ],
            [
              139.6621495,
              35.2818712
            ],
            [
              139.6618148,
              35.281875
            ],
            [
              139.661506,
              35.2818909
            ],
            [
              139.661234,
              35.2819524
            ],
            [
              139.6609827,
              35.2820477
            ],
            [
              139.6612037,
              35.2822961
            ],
            [
              139.6607539,
              35.2829569
            ],
            [
              139.6608096,
              35.2828963
            ],
            [
              139.6609048,
              35.2829288
            ],
            [
              139.6609813,
              35.2829375
            ],
            [
              139.6611187,
              35.2830104
            ],
            [
              139.6610577,
              35.283093
            ],
            [
              139.6610605,
              35.283119
            ],
            [
              139.6617668,
              35.2834804
            ],
            [
              139.6618834,
              35.28362
            ],
            [
              139.6622345,
              35.2841239
            ]
          ]
        ]
      },
      "properties": {
        "id": "way/274204695",
        "osm_type": "way",
        "osm_id": 274204695,
        "name": "コースカ・ベイサイド・ストアーズ",
        "name:ja": "コースカ・ベイサイド・ストアーズ",
        "name:en": "Coaska Bayside Stores",
        "role": "complex",
        "class": "entertainment_complex",
        "render_class": "mall",
        "category": "landmark",
        "area_m2": 39472,
        "minzoom": 13,
        "detail_zoom": 16,
        "max_signature_children": 1,
        "icon_size": "L",
        "icon_anchor": [
          139.662425,
          35.28374845
        ],
        "landuse": "retail"
      }
    },
    {
      "type": "Feature",
      "id": "node/469091978",
      "geometry": {
        "type": "Point",
        "coordinates": [
          139.6622092,
          35.2824904
        ]
      },
      "properties": {
        "id": "node/469091978",
        "osm_type": "node",
        "osm_id": 469091978,
        "name": "横須賀HUMAXシネマズ８",
        "name:ja": "横須賀HUMAXシネマズ８",
        "name:en": "Yokosuka HUMAX Cinemas 8",
        "role": "venue_candidate",
        "parent_id": "way/274204695",
        "class": "cinema",
        "render_class": "cinema",
        "category": "landmark",
        "amenity": "cinema",
        "independent_building": false,
        "area_m2": 0,
        "minzoom": 14,
        "icon_size": "M",
        "icon_anchor": [
          139.6622092,
          35.2824904
        ]
      }
    },
    {
      "type": "Feature",
      "id": "way/275205455",
      "geometry": {
        "type": "Polygon",
        "coordinates": [
          [
            [
              139.5005,
              35.5792777
            ],
            [
              139.5003299,
              35.5793106
            ],
            [
              139.5002709,
              35.5793116
            ],
            [
              139.5002306,
              35.5793015
            ],
            [
              139.5001286,
              35.5792392
            ],
            [
              139.5000564,
              35.5792074
            ],
            [
              139.4999866,
              35.5791841
            ],
            [
              139.4999119,
              35.5791668
            ],
            [
              139.4997931,
              35.579158
            ],
            [
              139.49966,
              35.5791621
            ],
            [
              139.4995614,
              35.5791702
            ],
            [
              139.4995592,
              35.5791509
            ],
            [
              139.499606,
              35.57907
            ],
            [
              139.4997171,
              35.5788549
            ],
            [
              139.4999621,
              35.5784302
            ],
            [
              139.500028,
              35.5783825
            ],
            [
              139.5000999,
              35.578352
            ],
            [
              139.5013761,
              35.5782388
            ],
            [
              139.5014306,
              35.5785402
            ],
            [
              139.5016576,
              35.5785553
            ],
            [
              139.5012433,
              35.5787741
            ],
            [
              139.5009459,
              35.5789364
            ],
            [
              139.5007303,
              35.579084
            ],
            [
              139.5005393,
              35.5792573
            ],
            [
              139.5005,
              35.5792777
            ]
          ]
        ]
      },
      "properties": {
        "id": "way/275205455",
        "osm_type": "way",
        "osm_id": 275205455,
        "name": "島忠ホームズ町田三輪店",
        "name:ja": "島忠ホームズ町田三輪店",
        "role": "complex",
        "class": "retail_complex",
        "render_class": "mall",
        "category": "landmark",
        "area_m2": 12797,
        "minzoom": 13,
        "detail_zoom": 16,
        "max_signature_children": 1,
        "icon_size": "L",
        "icon_anchor": [
          139.500312992,
          35.578975740000004
        ],
        "landuse": "retail"
      }
    },
    {
      "type": "Feature",
      "id": "way/296303528",
      "geometry": {
        "type": "Polygon",
        "coordinates": [
          [
            [
              139.5991936,
              35.4583147
            ],
            [
              139.5991268,
              35.4583476
            ],
            [
              139.5991087,
              35.4583585
            ],
            [
              139.5990655,
              35.4583798
            ],
            [
              139.5990532,
              35.4583858
            ],
            [
              139.5987273,
              35.4579914
            ],
            [
              139.598973,
              35.4578626
            ],
            [
              139.5996738,
              35.4574963
            ],
            [
              139.5997429,
              35.4574589
            ],
            [
              139.5998229,
              35.4574687
            ],
            [
              139.5998272,
              35.457474
            ],
            [
              139.6004955,
              35.4583321
            ],
            [
              139.6006207,
              35.458492
            ],
            [
              139.6006039,
              35.4585368
            ],
            [
              139.6004464,
              35.4586528
            ],
            [
              139.6004243,
              35.4586723
            ],
            [
              139.6002791,
              35.4588276
            ],
            [
              139.6000322,
              35.4590969
            ],
            [
              139.5999087,
              35.4592315
            ],
            [
              139.599794,
              35.4592291
            ],
            [
              139.5996971,
              35.4591249
            ],
            [
              139.5996894,
              35.4591166
            ],
            [
              139.59953,
              35.4589523
            ],
            [
              139.5994292,
              35.4588228
            ],
            [
              139.5993327,
              35.45866
            ],
            [
              139.5993099,
              35.4586039
            ],
            [
              139.5992053,
              35.4583456
            ],
            [
              139.5991936,
              35.4583147
            ]
          ]
        ]
      },
      "properties": {
        "id": "way/296303528",
        "osm_type": "way",
        "osm_id": 296303528,
        "name": "イオン天王町ショッピングセンター",
        "name:ja": "イオン天王町ショッピングセンター",
        "name:en": "Aeon Tennocho shopping center",
        "role": "complex",
        "class": "retail_complex",
        "render_class": "mall",
        "category": "landmark",
        "area_m2": 17170,
        "minzoom": 13,
        "detail_zoom": 16,
        "max_signature_children": 1,
        "icon_size": "L",
        "icon_anchor": [
          139.59965381785716,
          35.45844822142856
        ],
        "landuse": "retail",
        "shop": "mall"
      }
    },
    {
      "type": "Feature",
      "id": "way/297475976",
      "geometry": {
        "type": "Polygon",
        "coordinates": [
          [
            [
              139.6122388,
              35.4583651
            ],
            [
              139.6136162,
              35.4568555
            ],
            [
              139.6133131,
              35.4565015
            ],
            [
              139.6128759,
              35.4560613
            ],
            [
              139.6124722,
              35.4557106
            ],
            [
              139.612216,
              35.4555162
            ],
            [
              139.6119839,
              35.4553542
            ],
            [
              139.6119515,
              35.4553851
            ],
            [
              139.6113242,
              35.4549874
            ],
            [
              139.6108588,
              35.454675
            ],
            [
              139.6107127,
              35.4546073
            ],
            [
              139.6103989,
              35.4547777
            ],
            [
              139.6098101,
              35.4552911
            ],
            [
              139.6099724,
              35.4555894
            ],
            [
              139.6101145,
              35.4558417
            ],
            [
              139.610258,
              35.4560853
            ],
            [
              139.6105061,
              35.4564513
            ],
            [
              139.6108656,
              35.4569647
            ],
            [
              139.6112531,
              35.4575382
            ],
            [
              139.6116769,
              35.4579315
            ],
            [
              139.6119519,
              35.4581904
            ],
            [
              139.6122388,
              35.4583651
            ]
          ]
        ]
      },
      "properties": {
        "id": "way/297475976",
        "osm_type": "way",
        "osm_id": 297475976,
        "name": "tvkハウジング プラザ横浜",
        "name:ja": "tvkハウジング プラザ横浜",
        "name:en": "Plaza Yokohama",
        "role": "complex",
        "class": "retail_complex",
        "render_class": "mall",
        "category": "landmark",
        "area_m2": 70614,
        "minzoom": 13,
        "detail_zoom": 16,
        "max_signature_children": 1,
        "icon_size": "L",
        "icon_anchor": [
          139.61148225454545,
          35.45622934545455
        ],
        "landuse": "retail"
      }
    },
    {
      "type": "Feature",
      "id": "way/332873477",
      "geometry": {
        "type": "Polygon",
        "coordinates": [
          [
            [
              139.3455557,
              35.5764329
            ],
            [
              139.345829,
              35.5764224
            ],
            [
              139.3463048,
              35.5764061
            ],
            [
              139.3463941,
              35.5764018
            ],
            [
              139.3470053,
              35.576381
            ],
            [
              139.3469442,
              35.5748566
            ],
            [
              139.3466239,
              35.5748611
            ],
            [
              139.3460732,
              35.5752791
            ],
            [
              139.3458447,
              35.5754578
            ],
            [
              139.3458165,
              35.5754722
            ],
            [
              139.3457357,
              35.5755359
            ],
            [
              139.345523,
              35.5757075
            ],
            [
              139.3455462,
              35.576068
            ],
            [
              139.3455557,
              35.5764329
            ]
          ]
        ]
      },
      "properties": {
        "id": "way/332873477",
        "osm_type": "way",
        "osm_id": 332873477,
        "name": "the market Place 相模原",
        "name:ja": "the market Place 相模原",
        "role": "complex",
        "class": "retail_complex",
        "render_class": "mall",
        "category": "landmark",
        "area_m2": 17719,
        "minzoom": 13,
        "detail_zoom": 16,
        "max_signature_children": 1,
        "icon_size": "L",
        "icon_anchor": [
          139.34605371428572,
          35.575836807142856
        ],
        "landuse": "retail"
      }
    },
    {
      "type": "Feature",
      "id": "way/332875049",
      "geometry": {
        "type": "Polygon",
        "coordinates": [
          [
            [
              139.3553045,
              35.5840173
            ],
            [
              139.3552209,
              35.5827249
            ],
            [
              139.3557948,
              35.5824311
            ],
            [
              139.3562116,
              35.5821911
            ],
            [
              139.3564441,
              35.5820247
            ],
            [
              139.3568084,
              35.5818269
            ],
            [
              139.3572562,
              35.5823768
            ],
            [
              139.3573126,
              35.5824963
            ],
            [
              139.357335,
              35.5827619
            ],
            [
              139.3573849,
              35.5832289
            ],
            [
              139.3553205,
              35.5840233
            ],
            [
              139.3553045,
              35.5840173
            ]
          ]
        ]
      },
      "properties": {
        "id": "way/332875049",
        "osm_type": "way",
        "osm_id": 332875049,
        "name": "コーナン相模原小山モール",
        "name:ja": "コーナン相模原小山モール",
        "role": "complex",
        "class": "retail_complex",
        "render_class": "mall",
        "category": "landmark",
        "area_m2": 29135,
        "minzoom": 13,
        "detail_zoom": 16,
        "max_signature_children": 1,
        "icon_size": "L",
        "icon_anchor": [
          139.35630816666665,
          35.582843375
        ],
        "landuse": "retail"
      }
    },
    {
      "type": "Feature",
      "id": "way/353624732",
      "geometry": {
        "type": "Polygon",
        "coordinates": [
          [
            [
              139.4646789,
              35.3344579
            ],
            [
              139.4634638,
              35.3359358
            ],
            [
              139.4630062,
              35.3356754
            ],
            [
              139.4629117,
              35.3355945
            ],
            [
              139.4628629,
              35.3354807
            ],
            [
              139.4628613,
              35.3353738
            ],
            [
              139.4628973,
              35.3352734
            ],
            [
              139.4640039,
              35.3339962
            ],
            [
              139.4646634,
              35.334372
            ],
            [
              139.4646789,
              35.3344579
            ]
          ]
        ]
      },
      "properties": {
        "id": "way/353624732",
        "osm_type": "way",
        "osm_id": 353624732,
        "name": "湘南 T−SITE",
        "name:ja": "湘南 T−SITE",
        "name:en": "Shonan T−SITE",
        "role": "complex",
        "class": "retail_complex",
        "render_class": "mall",
        "category": "landmark",
        "area_m2": 16412,
        "minzoom": 13,
        "detail_zoom": 16,
        "max_signature_children": 1,
        "icon_size": "L",
        "icon_anchor": [
          139.46360283,
          35.33506176
        ],
        "landuse": "retail"
      }
    },
    {
      "type": "Feature",
      "id": "way/362225874",
      "geometry": {
        "type": "Polygon",
        "coordinates": [
          [
            [
              139.5598274,
              35.4198786
            ],
            [
              139.5597312,
              35.4198866
            ],
            [
              139.559589,
              35.4196593
            ],
            [
              139.5595515,
              35.4195588
            ],
            [
              139.5595837,
              35.4194888
            ],
            [
              139.5597332,
              35.4194735
            ],
            [
              139.5597064,
              35.4193253
            ],
            [
              139.5595972,
              35.4193433
            ],
            [
              139.5594533,
              35.4193884
            ],
            [
              139.5582128,
              35.4199237
            ],
            [
              139.5585336,
              35.4203069
            ],
            [
              139.5586747,
              35.4205256
            ],
            [
              139.5586982,
              35.4205177
            ],
            [
              139.5588338,
              35.420698
            ],
            [
              139.5596055,
              35.4204861
            ],
            [
              139.5595875,
              35.4204388
            ],
            [
              139.5596341,
              35.4204268
            ],
            [
              139.5596885,
              35.420414
            ],
            [
              139.5596981,
              35.4204399
            ],
            [
              139.5597271,
              35.420455
            ],
            [
              139.5598791,
              35.4204236
            ],
            [
              139.5599298,
              35.420347
            ],
            [
              139.5598274,
              35.4198786
            ]
          ]
        ]
      },
      "properties": {
        "id": "way/362225874",
        "osm_type": "way",
        "osm_id": 362225874,
        "name": "ヤマダデンキ",
        "name:ja": "ヤマダデンキ",
        "name:en": "Yamada Denki",
        "role": "complex",
        "class": "retail_complex",
        "render_class": "mall",
        "category": "landmark",
        "area_m2": 13501,
        "minzoom": 13,
        "detail_zoom": 16,
        "max_signature_children": 1,
        "icon_size": "L",
        "icon_anchor": [
          139.55944796086956,
          35.420055839130434
        ],
        "landuse": "retail",
        "shop": "electronics"
      }
    },
    {
      "type": "Feature",
      "id": "way/362363481",
      "geometry": {
        "type": "Polygon",
        "coordinates": [
          [
            [
              139.3606564,
              35.3283084
            ],
            [
              139.3606081,
              35.3286673
            ],
            [
              139.3603828,
              35.3292494
            ],
            [
              139.3607476,
              35.3293413
            ],
            [
              139.3614074,
              35.3292275
            ],
            [
              139.3619438,
              35.3277155
            ],
            [
              139.3601952,
              35.3273402
            ],
            [
              139.360012,
              35.3281579
            ],
            [
              139.3606564,
              35.3283084
            ]
          ]
        ]
      },
      "properties": {
        "id": "way/362363481",
        "osm_type": "way",
        "osm_id": 362363481,
        "name": "ユニディ平塚店",
        "name:ja": "ユニディ平塚店",
        "role": "complex",
        "class": "retail_complex",
        "render_class": "mall",
        "category": "landmark",
        "area_m2": 23652,
        "minzoom": 13,
        "detail_zoom": 16,
        "max_signature_children": 1,
        "icon_size": "L",
        "icon_anchor": [
          139.3607344111111,
          35.32847954444445
        ],
        "landuse": "retail"
      }
    },
    {
      "type": "Feature",
      "id": "way/384498886",
      "geometry": {
        "type": "Polygon",
        "coordinates": [
          [
            [
              139.3886604,
              35.4552994
            ],
            [
              139.3889271,
              35.4552968
            ],
            [
              139.3889995,
              35.455175
            ],
            [
              139.3890752,
              35.4550636
            ],
            [
              139.3891611,
              35.4549662
            ],
            [
              139.3892186,
              35.4549069
            ],
            [
              139.3893337,
              35.4548623
            ],
            [
              139.3894618,
              35.454829
            ],
            [
              139.3895949,
              35.4547973
            ],
            [
              139.3897572,
              35.4547975
            ],
            [
              139.3897926,
              35.454817
            ],
            [
              139.3898296,
              35.4548438
            ],
            [
              139.3899578,
              35.4549662
            ],
            [
              139.3900286,
              35.4550451
            ],
            [
              139.3900901,
              35.4551335
            ],
            [
              139.3900733,
              35.4555114
            ],
            [
              139.3896962,
              35.4555002
            ],
            [
              139.389692,
              35.4555936
            ],
            [
              139.3896851,
              35.4557922
            ],
            [
              139.3897074,
              35.4557927
            ],
            [
              139.3897155,
              35.455598
            ],
            [
              139.3901167,
              35.455609
            ],
            [
              139.3900831,
              35.4564228
            ],
            [
              139.3902709,
              35.4564279
            ],
            [
              139.3902982,
              35.4564524
            ],
            [
              139.390295,
              35.456553
            ],
            [
              139.3903442,
              35.4565537
            ],
            [
              139.3903409,
              35.4567043
            ],
            [
              139.3902902,
              35.4567036
            ],
            [
              139.3902628,
              35.4567417
            ],
            [
              139.390067,
              35.4567394
            ],
            [
              139.3900646,
              35.4568783
            ],
            [
              139.3898471,
              35.4569876
            ],
            [
              139.3897401,
              35.4569838
            ],
            [
              139.3897424,
              35.4569397
            ],
            [
              139.3896801,
              35.4569375
            ],
            [
              139.389674,
              35.4569968
            ],
            [
              139.3897136,
              35.4569976
            ],
            [
              139.3897118,
              35.4570562
            ],
            [
              139.3896702,
              35.4570553
            ],
            [
              139.3896692,
              35.4570852
            ],
            [
              139.3890325,
              35.4570611
            ],
            [
              139.3887358,
              35.4566791
            ],
            [
              139.3886946,
              35.4566093
            ],
            [
              139.3886721,
              35.4565537
            ],
            [
              139.388609,
              35.4563485
            ],
            [
              139.3886127,
              35.4560484
            ],
            [
              139.3886604,
              35.4552994
            ]
          ]
        ]
      },
      "properties": {
        "id": "way/384498886",
        "osm_type": "way",
        "osm_id": 384498886,
        "name": "ららぽーと海老名",
        "name:ja": "ららぽーと海老名",
        "name:en": "LaLaport",
        "role": "complex",
        "class": "retail_complex",
        "render_class": "mall",
        "category": "landmark",
        "area_m2": 28985,
        "minzoom": 13,
        "detail_zoom": 16,
        "max_signature_children": 1,
        "icon_size": "L",
        "icon_anchor": [
          139.38961160208333,
          35.45600027083334
        ],
        "shop": "mall"
      }
    },
    {
      "type": "Feature",
      "id": "way/402846362",
      "geometry": {
        "type": "Polygon",
        "coordinates": [
          [
            [
              139.2279247,
              35.3789342
            ],
            [
              139.227601,
              35.378541
            ],
            [
              139.2275756,
              35.3785531
            ],
            [
              139.2275197,
              35.3784876
            ],
            [
              139.2275444,
              35.3784747
            ],
            [
              139.2273283,
              35.3782043
            ],
            [
              139.2272989,
              35.3782196
            ],
            [
              139.2271861,
              35.3780833
            ],
            [
              139.2272194,
              35.3780652
            ],
            [
              139.226897,
              35.3776634
            ],
            [
              139.2275608,
              35.3773084
            ],
            [
              139.2275836,
              35.3773359
            ],
            [
              139.2277618,
              35.377551
            ],
            [
              139.2279791,
              35.3774347
            ],
            [
              139.2283353,
              35.3778767
            ],
            [
              139.2286184,
              35.3777224
            ],
            [
              139.2286421,
              35.3777184
            ],
            [
              139.2286635,
              35.3777272
            ],
            [
              139.2287415,
              35.3778218
            ],
            [
              139.2288371,
              35.3777726
            ],
            [
              139.2288614,
              35.3777712
            ],
            [
              139.2288839,
              35.377781
            ],
            [
              139.2289121,
              35.377812
            ],
            [
              139.2289322,
              35.3778015
            ],
            [
              139.2292695,
              35.378228
            ],
            [
              139.2279247,
              35.3789342
            ]
          ]
        ]
      },
      "properties": {
        "id": "way/402846362",
        "osm_type": "way",
        "osm_id": 402846362,
        "name": "ジョイフルタウン本館",
        "name:ja": "ジョイフルタウン本館",
        "role": "complex",
        "class": "retail_complex",
        "render_class": "mall",
        "category": "landmark",
        "area_m2": 19190,
        "minzoom": 13,
        "detail_zoom": 16,
        "max_signature_children": 1,
        "icon_size": "L",
        "icon_anchor": [
          139.22806161923077,
          35.37799320769231
        ],
        "shop": "mall"
      }
    },
    {
      "type": "Feature",
      "id": "way/416955752",
      "geometry": {
        "type": "Polygon",
        "coordinates": [
          [
            [
              139.5570538,
              35.5787364
            ],
            [
              139.5573069,
              35.5783084
            ],
            [
              139.5574454,
              35.5780697
            ],
            [
              139.5575374,
              35.5780503
            ],
            [
              139.5575549,
              35.5780123
            ],
            [
              139.5577685,
              35.578089
            ],
            [
              139.5580143,
              35.5781907
            ],
            [
              139.558152,
              35.5782476
            ],
            [
              139.5582446,
              35.5782859
            ],
            [
              139.5583853,
              35.5783439
            ],
            [
              139.5584048,
              35.5783519
            ],
            [
              139.5584302,
              35.5783624
            ],
            [
              139.5585252,
              35.5784016
            ],
            [
              139.5585696,
              35.5784199
            ],
            [
              139.5584313,
              35.578653
            ],
            [
              139.5585032,
              35.5786812
            ],
            [
              139.5583679,
              35.5789093
            ],
            [
              139.5583912,
              35.5789184
            ],
            [
              139.5583077,
              35.5790591
            ],
            [
              139.558131,
              35.5789897
            ],
            [
              139.558024,
              35.57917
            ],
            [
              139.5574381,
              35.5789399
            ],
            [
              139.5574639,
              35.5788965
            ],
            [
              139.5570538,
              35.5787364
            ]
          ]
        ]
      },
      "properties": {
        "id": "way/416955752",
        "osm_type": "way",
        "osm_id": 416955752,
        "name": "東急百貨店",
        "name:ja": "東急百貨店",
        "name:en": "Tokyu Department Store",
        "role": "complex",
        "class": "retail_complex",
        "render_class": "mall",
        "category": "landmark",
        "area_m2": 10428,
        "minzoom": 13,
        "detail_zoom": 16,
        "max_signature_children": 1,
        "icon_size": "L",
        "icon_anchor": [
          139.55797937500006,
          35.578534312500004
        ],
        "shop": "department_store"
      }
    },
    {
      "type": "Feature",
      "id": "way/441419992",
      "geometry": {
        "type": "Polygon",
        "coordinates": [
          [
            [
              139.5164396,
              35.3485442
            ],
            [
              139.5164832,
              35.3484812
            ],
            [
              139.5164417,
              35.3484621
            ],
            [
              139.516487,
              35.3483967
            ],
            [
              139.5165274,
              35.3484153
            ],
            [
              139.5166897,
              35.3481807
            ],
            [
              139.516652,
              35.3481633
            ],
            [
              139.5167092,
              35.3480806
            ],
            [
              139.5167481,
              35.3480985
            ],
            [
              139.5167773,
              35.3480562
            ],
            [
              139.5165415,
              35.3479477
            ],
            [
              139.5166306,
              35.3478189
            ],
            [
              139.5165574,
              35.3477852
            ],
            [
              139.5164391,
              35.3479562
            ],
            [
              139.5159682,
              35.3477394
            ],
            [
              139.5160895,
              35.3475642
            ],
            [
              139.515934,
              35.3474927
            ],
            [
              139.5164716,
              35.3467158
            ],
            [
              139.5171712,
              35.3470379
            ],
            [
              139.5171919,
              35.347008
            ],
            [
              139.5173453,
              35.3470786
            ],
            [
              139.5173245,
              35.3471087
            ],
            [
              139.5177967,
              35.3473261
            ],
            [
              139.5174707,
              35.3477972
            ],
            [
              139.517529,
              35.347824
            ],
            [
              139.5174823,
              35.3478914
            ],
            [
              139.5174254,
              35.3478652
            ],
            [
              139.5168763,
              35.3486587
            ],
            [
              139.5169363,
              35.3486864
            ],
            [
              139.5168908,
              35.348752
            ],
            [
              139.5166526,
              35.3486423
            ],
            [
              139.5164396,
              35.3485442
            ]
          ]
        ]
      },
      "properties": {
        "id": "way/441419992",
        "osm_type": "way",
        "osm_id": 441419992,
        "name": "コーナン鎌倉モール",
        "name:ja": "コーナン鎌倉モール",
        "role": "complex",
        "class": "retail_complex",
        "render_class": "mall",
        "category": "landmark",
        "area_m2": 18607,
        "minzoom": 13,
        "detail_zoom": 16,
        "max_signature_children": 1,
        "icon_size": "L",
        "icon_anchor": [
          139.516784990625,
          35.3479412375
        ],
        "shop": "mall"
      }
    },
    {
      "type": "Feature",
      "id": "way/445258887",
      "geometry": {
        "type": "Polygon",
        "coordinates": [
          [
            [
              139.6460205,
              35.4439312
            ],
            [
              139.6463449,
              35.4438682
            ],
            [
              139.6465451,
              35.4443871
            ],
            [
              139.6466475,
              35.4446432
            ],
            [
              139.646684,
              35.444655
            ],
            [
              139.6473938,
              35.4444185
            ],
            [
              139.6479302,
              35.4441038
            ],
            [
              139.647544,
              35.443763
            ],
            [
              139.6481073,
              35.441569
            ],
            [
              139.6447062,
              35.4411495
            ],
            [
              139.6445989,
              35.4411451
            ],
            [
              139.6444957,
              35.4411177
            ],
            [
              139.6444836,
              35.4411145
            ],
            [
              139.6422922,
              35.4423251
            ],
            [
              139.6431693,
              35.4434548
            ],
            [
              139.6440142,
              35.4430025
            ],
            [
              139.6440813,
              35.4430418
            ],
            [
              139.6439498,
              35.443527
            ],
            [
              139.6459374,
              35.4438799
            ],
            [
              139.6460205,
              35.4439312
            ]
          ]
        ]
      },
      "properties": {
        "id": "way/445258887",
        "osm_type": "way",
        "osm_id": 445258887,
        "name": "横浜中華街",
        "name:ja": "横浜中華街",
        "name:en": "Yokohama Chinatown",
        "role": "complex",
        "class": "retail_complex",
        "render_class": "mall",
        "category": "landmark",
        "area_m2": 123205,
        "minzoom": 13,
        "detail_zoom": 16,
        "max_signature_children": 1,
        "icon_size": "L",
        "icon_anchor": [
          139.64554832000002,
          35.443151404999995
        ],
        "landuse": "retail"
      }
    },
    {
      "type": "Feature",
      "id": "way/446603890",
      "geometry": {
        "type": "Polygon",
        "coordinates": [
          [
            [
              139.5009849,
              35.547172
            ],
            [
              139.4992592,
              35.5464989
            ],
            [
              139.4992988,
              35.5464068
            ],
            [
              139.4993301,
              35.54619
            ],
            [
              139.4993692,
              35.5459197
            ],
            [
              139.4994181,
              35.5458923
            ],
            [
              139.5000018,
              35.5461557
            ],
            [
              139.5002752,
              35.5462653
            ],
            [
              139.5005587,
              35.5463433
            ],
            [
              139.5009662,
              35.5464555
            ],
            [
              139.5009892,
              35.546496
            ],
            [
              139.5009661,
              35.5466629
            ],
            [
              139.500974,
              35.546877
            ],
            [
              139.5009849,
              35.547172
            ]
          ]
        ]
      },
      "properties": {
        "id": "way/446603890",
        "osm_type": "way",
        "osm_id": 446603890,
        "name": "横浜青葉ガーデン",
        "name:ja": "横浜青葉ガーデン",
        "role": "complex",
        "class": "retail_complex",
        "render_class": "mall",
        "category": "landmark",
        "area_m2": 10832,
        "minzoom": 13,
        "detail_zoom": 16,
        "max_signature_children": 1,
        "icon_size": "L",
        "icon_anchor": [
          139.5002411714286,
          35.546464814285706
        ],
        "shop": "mall"
      }
    },
    {
      "type": "Feature",
      "id": "way/479258592",
      "geometry": {
        "type": "Polygon",
        "coordinates": [
          [
            [
              139.6428089,
              35.5427425
            ],
            [
              139.6424425,
              35.5428624
            ],
            [
              139.6416517,
              35.5431211
            ],
            [
              139.6416154,
              35.543133
            ],
            [
              139.6414871,
              35.543102
            ],
            [
              139.641471,
              35.5430835
            ],
            [
              139.6407658,
              35.5422761
            ],
            [
              139.6417218,
              35.5419171
            ],
            [
              139.6415784,
              35.5416494
            ],
            [
              139.641738,
              35.5415888
            ],
            [
              139.6419164,
              35.5415198
            ],
            [
              139.642092,
              35.5414518
            ],
            [
              139.6428089,
              35.5427425
            ]
          ]
        ]
      },
      "properties": {
        "id": "way/479258592",
        "osm_type": "way",
        "osm_id": 479258592,
        "name": "アピタテラス横浜綱島",
        "name:ja": "アピタテラス横浜綱島",
        "role": "complex",
        "class": "retail_complex",
        "render_class": "mall",
        "category": "landmark",
        "area_m2": 17999,
        "minzoom": 13,
        "detail_zoom": 16,
        "max_signature_children": 1,
        "icon_size": "L",
        "icon_anchor": [
          139.6418536846154,
          35.542399230769234
        ],
        "landuse": "retail"
      }
    },
    {
      "type": "Feature",
      "id": "way/494068974",
      "geometry": {
        "type": "Polygon",
        "coordinates": [
          [
            [
              139.3533507,
              35.3365722
            ],
            [
              139.3533862,
              35.3364646
            ],
            [
              139.3534137,
              35.3364707
            ],
            [
              139.3534544,
              35.336337
            ],
            [
              139.3534168,
              35.3363298
            ],
            [
              139.3534408,
              35.3362602
            ],
            [
              139.3534759,
              35.3362678
            ],
            [
              139.3536929,
              35.3356011
            ],
            [
              139.3544419,
              35.3357597
            ],
            [
              139.354473,
              35.335682
            ],
            [
              139.3548793,
              35.3357761
            ],
            [
              139.3548844,
              35.3357657
            ],
            [
              139.3551556,
              35.3358235
            ],
            [
              139.3551654,
              35.3357979
            ],
            [
              139.355347,
              35.3358393
            ],
            [
              139.3553661,
              35.3357847
            ],
            [
              139.3563529,
              35.3359916
            ],
            [
              139.3562987,
              35.3361506
            ],
            [
              139.3566509,
              35.3362305
            ],
            [
              139.3567542,
              35.3362705
            ],
            [
              139.3566144,
              35.336698
            ],
            [
              139.3567181,
              35.3367231
            ],
            [
              139.3566973,
              35.3367906
            ],
            [
              139.3565929,
              35.3367638
            ],
            [
              139.3564657,
              35.3371529
            ],
            [
              139.3564855,
              35.3371574
            ],
            [
              139.35645,
              35.3372794
            ],
            [
              139.356304,
              35.3372512
            ],
            [
              139.3563088,
              35.3372387
            ],
            [
              139.3558051,
              35.3371307
            ],
            [
              139.3558191,
              35.337093
            ],
            [
              139.3553906,
              35.3369866
            ],
            [
              139.3553848,
              35.3370016
            ],
            [
              139.3548263,
              35.3368865
            ],
            [
              139.354831,
              35.3368718
            ],
            [
              139.3545521,
              35.3368135
            ],
            [
              139.3545763,
              35.3367357
            ],
            [
              139.3542083,
              35.3366563
            ],
            [
              139.3541136,
              35.3366359
            ],
            [
              139.3539397,
              35.3365984
            ],
            [
              139.353916,
              35.3366755
            ],
            [
              139.3535171,
              35.3365895
            ],
            [
              139.3535124,
              35.3366053
            ],
            [
              139.3533507,
              35.3365722
            ]
          ]
        ]
      },
      "properties": {
        "id": "way/494068974",
        "osm_type": "way",
        "osm_id": 494068974,
        "name": "ららぽーと湘南平塚",
        "name:ja": "ららぽーと湘南平塚",
        "name:en": "LaLaport Shonan Hiratsuka",
        "role": "complex",
        "class": "retail_complex",
        "render_class": "mall",
        "category": "landmark",
        "area_m2": 34253,
        "minzoom": 13,
        "detail_zoom": 16,
        "max_signature_children": 1,
        "icon_size": "L",
        "icon_anchor": [
          139.3549950136364,
          35.336501888636356
        ],
        "shop": "mall"
      }
    },
    {
      "type": "Feature",
      "id": "way/500438994",
      "geometry": {
        "type": "Polygon",
        "coordinates": [
          [
            [
              139.4093675,
              35.3342788
            ],
            [
              139.4096488,
              35.3343402
            ],
            [
              139.4097831,
              35.3343877
            ],
            [
              139.4099298,
              35.3344495
            ],
            [
              139.4099838,
              35.3344804
            ],
            [
              139.4099582,
              35.334517
            ],
            [
              139.4101796,
              35.3346114
            ],
            [
              139.4098212,
              35.3351841
            ],
            [
              139.4097678,
              35.3351618
            ],
            [
              139.4096653,
              35.3353325
            ],
            [
              139.40929,
              35.3351813
            ],
            [
              139.409313,
              35.3351318
            ],
            [
              139.409266,
              35.3351112
            ],
            [
              139.4093137,
              35.3350316
            ],
            [
              139.4092279,
              35.3350051
            ],
            [
              139.4091499,
              35.335129
            ],
            [
              139.4090287,
              35.3351585
            ],
            [
              139.4089325,
              35.335312
            ],
            [
              139.4084566,
              35.3351326
            ],
            [
              139.4084815,
              35.335092
            ],
            [
              139.4084047,
              35.335069
            ],
            [
              139.40832,
              35.3348716
            ],
            [
              139.4081525,
              35.3348064
            ],
            [
              139.4080834,
              35.3346182
            ],
            [
              139.4083055,
              35.3343001
            ],
            [
              139.4083845,
              35.3342616
            ],
            [
              139.4084707,
              35.3342489
            ],
            [
              139.4085708,
              35.3342821
            ],
            [
              139.4085917,
              35.3342587
            ],
            [
              139.4091963,
              35.3344982
            ],
            [
              139.4092486,
              35.3344184
            ],
            [
              139.4092679,
              35.3344208
            ],
            [
              139.4093675,
              35.3342788
            ]
          ]
        ]
      },
      "properties": {
        "id": "way/500438994",
        "osm_type": "way",
        "osm_id": 500438994,
        "name": "そよら湘南茅ヶ崎",
        "name:ja": "そよら湘南茅ヶ崎",
        "role": "complex",
        "class": "entertainment_complex",
        "render_class": "mall",
        "category": "landmark",
        "area_m2": 14934,
        "minzoom": 13,
        "detail_zoom": 16,
        "max_signature_children": 1,
        "icon_size": "L",
        "icon_anchor": [
          139.40843276666666,
          35.3346101
        ],
        "shop": "mall"
      }
    },
    {
      "type": "Feature",
      "id": "node/10586463332",
      "geometry": {
        "type": "Point",
        "coordinates": [
          139.4092763,
          35.3348057
        ]
      },
      "properties": {
        "id": "node/10586463332",
        "osm_type": "node",
        "osm_id": 10586463332,
        "name": "イオンシネマ",
        "name:ja": "イオンシネマ",
        "name:en": "AEON Cinema",
        "role": "venue_candidate",
        "parent_id": "way/500438994",
        "class": "cinema",
        "render_class": "cinema",
        "category": "landmark",
        "amenity": "cinema",
        "independent_building": false,
        "area_m2": 0,
        "minzoom": 14,
        "icon_size": "M",
        "icon_anchor": [
          139.4092763,
          35.3348057
        ]
      }
    },
    {
      "type": "Feature",
      "id": "way/530755829",
      "geometry": {
        "type": "Polygon",
        "coordinates": [
          [
            [
              139.6351423,
              35.4510299
            ],
            [
              139.6351658,
              35.4509295
            ],
            [
              139.6356979,
              35.4506362
            ],
            [
              139.6358091,
              35.4506466
            ],
            [
              139.6363099,
              35.4503897
            ],
            [
              139.6365012,
              35.4506357
            ],
            [
              139.6362971,
              35.4507379
            ],
            [
              139.6368362,
              35.4514446
            ],
            [
              139.6362451,
              35.4517041
            ],
            [
              139.6361463,
              35.4517256
            ],
            [
              139.6360662,
              35.4517329
            ],
            [
              139.6359874,
              35.4517326
            ],
            [
              139.6358898,
              35.4517182
            ],
            [
              139.6358015,
              35.4516905
            ],
            [
              139.6357205,
              35.4516555
            ],
            [
              139.635649,
              35.4516075
            ],
            [
              139.6355861,
              35.4515543
            ],
            [
              139.6351423,
              35.4510299
            ]
          ]
        ]
      },
      "properties": {
        "id": "way/530755829",
        "osm_type": "way",
        "osm_id": 530755829,
        "name": "YOKOHAMA KITANAKA KNOT",
        "name:ja": "横浜北仲ノット",
        "name:en": "YOKOHAMA KITANAKA KNOT",
        "role": "complex",
        "class": "retail_complex",
        "render_class": "mall",
        "category": "landmark",
        "area_m2": 13060,
        "minzoom": 13,
        "detail_zoom": 16,
        "max_signature_children": 1,
        "icon_size": "L",
        "icon_anchor": [
          139.6358885388889,
          35.45125562222223
        ],
        "landuse": "retail"
      }
    },
    {
      "type": "Feature",
      "id": "way/537120519",
      "geometry": {
        "type": "Polygon",
        "coordinates": [
          [
            [
              139.6440716,
              35.3796428
            ],
            [
              139.6459024,
              35.3781643
            ],
            [
              139.6483766,
              35.3802303
            ],
            [
              139.6471774,
              35.381248
            ],
            [
              139.6471579,
              35.3815337
            ],
            [
              139.6467675,
              35.3818067
            ],
            [
              139.6440716,
              35.3796428
            ]
          ]
        ]
      },
      "properties": {
        "id": "way/537120519",
        "osm_type": "way",
        "osm_id": 537120519,
        "name": "三井アウトレットパーク 横浜ベイサイド",
        "name:ja": "三井アウトレットパーク 横浜ベイサイド",
        "name:en": "Mitsui Outlet Park Yokohama Bayside",
        "role": "complex",
        "class": "retail_complex",
        "render_class": "mall",
        "category": "landmark",
        "area_m2": 75398,
        "minzoom": 13,
        "detail_zoom": 16,
        "max_signature_children": 1,
        "icon_size": "L",
        "icon_anchor": [
          139.64621785714286,
          35.380324085714285
        ],
        "shop": "mall"
      }
    },
    {
      "type": "Feature",
      "id": "way/545417981",
      "geometry": {
        "type": "Polygon",
        "coordinates": [
          [
            [
              139.4186325,
              35.5539169
            ],
            [
              139.4184901,
              35.5537426
            ],
            [
              139.4184411,
              35.553637
            ],
            [
              139.4182606,
              35.55342
            ],
            [
              139.4181533,
              35.5533449
            ],
            [
              139.41764,
              35.5527053
            ],
            [
              139.4180835,
              35.5524693
            ],
            [
              139.4180193,
              35.5523916
            ],
            [
              139.4182556,
              35.552262
            ],
            [
              139.4182901,
              35.5523043
            ],
            [
              139.4186515,
              35.552106
            ],
            [
              139.4184654,
              35.551885
            ],
            [
              139.4187679,
              35.5516862
            ],
            [
              139.4189735,
              35.551522
            ],
            [
              139.4195347,
              35.5521507
            ],
            [
              139.419942,
              35.5526343
            ],
            [
              139.4199398,
              35.552679
            ],
            [
              139.4194,
              35.5532103
            ],
            [
              139.418687,
              35.5539199
            ],
            [
              139.4186325,
              35.5539169
            ]
          ]
        ]
      },
      "properties": {
        "id": "way/545417981",
        "osm_type": "way",
        "osm_id": 545417981,
        "name": "イトーヨーカドー古淵店",
        "name:ja": "イトーヨーカドー古淵店",
        "role": "complex",
        "class": "retail_complex",
        "render_class": "mall",
        "category": "landmark",
        "area_m2": 27129,
        "minzoom": 13,
        "detail_zoom": 16,
        "max_signature_children": 1,
        "icon_size": "L",
        "icon_anchor": [
          139.41866302,
          35.552795210000006
        ],
        "landuse": "retail"
      }
    },
    {
      "type": "Feature",
      "id": "way/545584963",
      "geometry": {
        "type": "Polygon",
        "coordinates": [
          [
            [
              139.4090118,
              35.5564926
            ],
            [
              139.4089855,
              35.5564898
            ],
            [
              139.4089495,
              35.5564597
            ],
            [
              139.4089285,
              35.5564181
            ],
            [
              139.4087273,
              35.5562527
            ],
            [
              139.4086484,
              35.556208
            ],
            [
              139.4085167,
              35.5561085
            ],
            [
              139.4106742,
              35.5540364
            ],
            [
              139.4107283,
              35.554033
            ],
            [
              139.4109886,
              35.5542514
            ],
            [
              139.4104679,
              35.5547206
            ],
            [
              139.4110703,
              35.5551921
            ],
            [
              139.4106497,
              35.5555669
            ],
            [
              139.4107686,
              35.5556454
            ],
            [
              139.4107877,
              35.5556677
            ],
            [
              139.41047,
              35.5558131
            ],
            [
              139.4103559,
              35.5558456
            ],
            [
              139.4100822,
              35.5559747
            ],
            [
              139.4100356,
              35.5560155
            ],
            [
              139.4090118,
              35.5564926
            ]
          ]
        ]
      },
      "properties": {
        "id": "way/545584963",
        "osm_type": "way",
        "osm_id": 545584963,
        "name": "ニトリモール相模原",
        "name:ja": "ニトリモール相模原",
        "role": "complex",
        "class": "retail_complex",
        "render_class": "mall",
        "category": "landmark",
        "area_m2": 25064,
        "minzoom": 13,
        "detail_zoom": 16,
        "max_signature_children": 1,
        "icon_size": "L",
        "icon_anchor": [
          139.40989292499998,
          35.55568422
        ],
        "landuse": "retail"
      }
    },
    {
      "type": "Feature",
      "id": "way/569024020",
      "geometry": {
        "type": "Polygon",
        "coordinates": [
          [
            [
              139.4251652,
              35.5018925
            ],
            [
              139.4252044,
              35.5018844
            ],
            [
              139.4253239,
              35.50186
            ],
            [
              139.4259408,
              35.5017306
            ],
            [
              139.4259282,
              35.5016902
            ],
            [
              139.4261845,
              35.501645
            ],
            [
              139.426206,
              35.5011424
            ],
            [
              139.4260339,
              35.5007666
            ],
            [
              139.4255129,
              35.500931
            ],
            [
              139.4253719,
              35.5006359
            ],
            [
              139.4254266,
              35.5006189
            ],
            [
              139.4253982,
              35.5005581
            ],
            [
              139.42534,
              35.5005745
            ],
            [
              139.4251622,
              35.5001811
            ],
            [
              139.4252245,
              35.5001608
            ],
            [
              139.4248681,
              35.4993912
            ],
            [
              139.4244027,
              35.4995424
            ],
            [
              139.4244108,
              35.4995658
            ],
            [
              139.4242268,
              35.4996212
            ],
            [
              139.424247,
              35.4996725
            ],
            [
              139.4240572,
              35.4997298
            ],
            [
              139.4241109,
              35.4998469
            ],
            [
              139.424258,
              35.5001668
            ],
            [
              139.4245838,
              35.5008782
            ],
            [
              139.4246931,
              35.5008437
            ],
            [
              139.4249898,
              35.5015327
            ],
            [
              139.4250513,
              35.5015134
            ],
            [
              139.4250863,
              35.5015866
            ],
            [
              139.4251195,
              35.5016601
            ],
            [
              139.4251098,
              35.5016637
            ],
            [
              139.4250653,
              35.5016778
            ],
            [
              139.4251652,
              35.5018925
            ]
          ]
        ]
      },
      "properties": {
        "id": "way/569024020",
        "osm_type": "way",
        "osm_id": 569024020,
        "name": "イオンモール座間",
        "name:ja": "イオンモール座間",
        "role": "complex",
        "class": "retail_complex",
        "render_class": "mall",
        "category": "landmark",
        "area_m2": 24022,
        "minzoom": 13,
        "detail_zoom": 16,
        "max_signature_children": 1,
        "icon_size": "L",
        "icon_anchor": [
          139.42508965,
          35.500845540625
        ],
        "shop": "mall"
      }
    },
    {
      "type": "Feature",
      "id": "way/620313275",
      "geometry": {
        "type": "Polygon",
        "coordinates": [
          [
            [
              139.4431637,
              35.3244767
            ],
            [
              139.4431517,
              35.3246452
            ],
            [
              139.4431315,
              35.3248148
            ],
            [
              139.4430953,
              35.3249943
            ],
            [
              139.4430564,
              35.3250949
            ],
            [
              139.4430055,
              35.3252208
            ],
            [
              139.4428781,
              35.3255096
            ],
            [
              139.4428419,
              35.3254965
            ],
            [
              139.4422249,
              35.3251584
            ],
            [
              139.4419017,
              35.3249746
            ],
            [
              139.4415987,
              35.3247481
            ],
            [
              139.4416335,
              35.3246824
            ],
            [
              139.4416483,
              35.324619
            ],
            [
              139.4416443,
              35.3245216
            ],
            [
              139.4416402,
              35.3244264
            ],
            [
              139.441946,
              35.3244242
            ],
            [
              139.4431114,
              35.3244319
            ],
            [
              139.4431637,
              35.3244767
            ]
          ]
        ]
      },
      "properties": {
        "id": "way/620313275",
        "osm_type": "way",
        "osm_id": 620313275,
        "name": "なぎさモール辻堂",
        "name:ja": "なぎさモール辻堂",
        "role": "complex",
        "class": "retail_complex",
        "render_class": "mall",
        "category": "landmark",
        "area_m2": 11287,
        "minzoom": 13,
        "detail_zoom": 16,
        "max_signature_children": 1,
        "icon_size": "L",
        "icon_anchor": [
          139.44249093333332,
          35.32481756111112
        ],
        "shop": "mall"
      }
    },
    {
      "type": "Feature",
      "id": "way/627270250",
      "geometry": {
        "type": "Polygon",
        "coordinates": [
          [
            [
              139.7155192,
              35.2632728
            ],
            [
              139.7155058,
              35.2628643
            ],
            [
              139.7155032,
              35.2628326
            ],
            [
              139.7153999,
              35.2628085
            ],
            [
              139.7153945,
              35.2627811
            ],
            [
              139.7150633,
              35.2626366
            ],
            [
              139.7147937,
              35.2625271
            ],
            [
              139.7146972,
              35.2624909
            ],
            [
              139.7145362,
              35.2624603
            ],
            [
              139.7142559,
              35.2624362
            ],
            [
              139.7137986,
              35.2624241
            ],
            [
              139.7137302,
              35.2624241
            ],
            [
              139.7129282,
              35.2619357
            ],
            [
              139.7127244,
              35.2618065
            ],
            [
              139.7125527,
              35.2618164
            ],
            [
              139.7131079,
              35.2622456
            ],
            [
              139.7134271,
              35.2624252
            ],
            [
              139.7134741,
              35.2624044
            ],
            [
              139.713576,
              35.2624559
            ],
            [
              139.7135492,
              35.2625052
            ],
            [
              139.7135921,
              35.2625293
            ],
            [
              139.7135586,
              35.2625807
            ],
            [
              139.7135988,
              35.2626212
            ],
            [
              139.7139059,
              35.2628052
            ],
            [
              139.7140118,
              35.2628643
            ],
            [
              139.7139193,
              35.2629651
            ],
            [
              139.7139971,
              35.2630198
            ],
            [
              139.7141138,
              35.2633089
            ],
            [
              139.7155192,
              35.2632728
            ]
          ]
        ]
      },
      "properties": {
        "id": "way/627270250",
        "osm_type": "way",
        "osm_id": 627270250,
        "name": "横須賀温泉 湯楽の里",
        "name:ja": "横須賀温泉 湯楽の里",
        "role": "complex",
        "class": "retail_complex",
        "render_class": "mall",
        "category": "landmark",
        "area_m2": 13997,
        "minzoom": 13,
        "detail_zoom": 16,
        "max_signature_children": 1,
        "icon_size": "L",
        "icon_anchor": [
          139.7141294448276,
          35.26260416551724
        ],
        "landuse": "retail"
      }
    },
    {
      "type": "Feature",
      "id": "way/654651566",
      "geometry": {
        "type": "Polygon",
        "coordinates": [
          [
            [
              139.6212761,
              35.4659069
            ],
            [
              139.6207329,
              35.4662549
            ],
            [
              139.6204016,
              35.4664973
            ],
            [
              139.620474,
              35.4669139
            ],
            [
              139.6200596,
              35.4671376
            ],
            [
              139.6198204,
              35.4672591
            ],
            [
              139.6195071,
              35.4674187
            ],
            [
              139.6192199,
              35.4676336
            ],
            [
              139.6189959,
              35.4678561
            ],
            [
              139.618789,
              35.4679956
            ],
            [
              139.6193046,
              35.4680031
            ],
            [
              139.6193346,
              35.4679823
            ],
            [
              139.6193409,
              35.4679779
            ],
            [
              139.6194754,
              35.4678846
            ],
            [
              139.6195366,
              35.4678421
            ],
            [
              139.6207851,
              35.4672027
            ],
            [
              139.620917,
              35.4672459
            ],
            [
              139.6210723,
              35.4672848
            ],
            [
              139.6211154,
              35.4672515
            ],
            [
              139.621251,
              35.467297
            ],
            [
              139.6212663,
              35.4672974
            ],
            [
              139.6212777,
              35.4672978
            ],
            [
              139.621688,
              35.4673095
            ],
            [
              139.6217266,
              35.4672257
            ],
            [
              139.6217831,
              35.4671795
            ],
            [
              139.6218631,
              35.4671319
            ],
            [
              139.6221851,
              35.4669152
            ],
            [
              139.6212761,
              35.4659069
            ]
          ]
        ]
      },
      "properties": {
        "id": "way/654651566",
        "osm_type": "way",
        "osm_id": 654651566,
        "name": "相鉄ジョイナス地下街",
        "name:ja": "相鉄ジョイナス地下街",
        "role": "complex",
        "class": "retail_complex",
        "render_class": "mall",
        "category": "landmark",
        "area_m2": 22272,
        "minzoom": 13,
        "detail_zoom": 16,
        "max_signature_children": 1,
        "icon_size": "L",
        "icon_anchor": [
          139.62051697857143,
          35.46725391071429
        ],
        "landuse": "retail"
      }
    },
    {
      "type": "Feature",
      "id": "way/658411177",
      "geometry": {
        "type": "Polygon",
        "coordinates": [
          [
            [
              139.4103187,
              35.3346543
            ],
            [
              139.4100371,
              35.3344985
            ],
            [
              139.4097675,
              35.3343468
            ],
            [
              139.4094564,
              35.3342429
            ],
            [
              139.4089665,
              35.3341421
            ],
            [
              139.4081941,
              35.3340041
            ],
            [
              139.4079831,
              35.3346049
            ],
            [
              139.4087896,
              35.3357729
            ],
            [
              139.4091131,
              35.3352407
            ],
            [
              139.4097783,
              35.3354869
            ],
            [
              139.4103187,
              35.3346543
            ]
          ]
        ]
      },
      "properties": {
        "id": "way/658411177",
        "osm_type": "way",
        "osm_id": 658411177,
        "name": "イオンスタイル湘南茅ヶ崎",
        "name:ja": "イオンスタイル湘南茅ヶ崎",
        "role": "complex",
        "class": "retail_complex",
        "render_class": "mall",
        "category": "landmark",
        "area_m2": 23588,
        "minzoom": 13,
        "detail_zoom": 16,
        "max_signature_children": 1,
        "icon_size": "L",
        "icon_anchor": [
          139.40933846363637,
          35.334695309090904
        ],
        "landuse": "retail",
        "shop": "mall"
      }
    },
    {
      "type": "Feature",
      "id": "way/689642930",
      "geometry": {
        "type": "Polygon",
        "coordinates": [
          [
            [
              139.6952852,
              35.5317561
            ],
            [
              139.6960701,
              35.5318013
            ],
            [
              139.696255,
              35.5318882
            ],
            [
              139.6965627,
              35.5320324
            ],
            [
              139.6967411,
              35.532108
            ],
            [
              139.6967018,
              35.5324599
            ],
            [
              139.6974494,
              35.5328992
            ],
            [
              139.6974757,
              35.5329157
            ],
            [
              139.6976077,
              35.5329899
            ],
            [
              139.6976117,
              35.5330794
            ],
            [
              139.6975741,
              35.5331176
            ],
            [
              139.6975138,
              35.5331929
            ],
            [
              139.6974754,
              35.5332597
            ],
            [
              139.6974162,
              35.5333622
            ],
            [
              139.6973497,
              35.533552
            ],
            [
              139.6973308,
              35.5336491
            ],
            [
              139.6973294,
              35.5337671
            ],
            [
              139.6973633,
              35.5339458
            ],
            [
              139.6974257,
              35.5342072
            ],
            [
              139.6973538,
              35.5342856
            ],
            [
              139.697286,
              35.5342933
            ],
            [
              139.6972047,
              35.5343043
            ],
            [
              139.6971057,
              35.534322
            ],
            [
              139.6969526,
              35.5343595
            ],
            [
              139.6967357,
              35.5344224
            ],
            [
              139.6966137,
              35.5344455
            ],
            [
              139.6963358,
              35.5345238
            ],
            [
              139.6962797,
              35.5345415
            ],
            [
              139.6961893,
              35.5345662
            ],
            [
              139.6961084,
              35.534585
            ],
            [
              139.6960092,
              35.5346142
            ],
            [
              139.6959086,
              35.5346369
            ],
            [
              139.6958323,
              35.5346501
            ],
            [
              139.6957256,
              35.5346592
            ],
            [
              139.6955902,
              35.5346801
            ],
            [
              139.6955007,
              35.5346949
            ],
            [
              139.6954343,
              35.5347048
            ],
            [
              139.6951754,
              35.5347467
            ],
            [
              139.6950803,
              35.5347574
            ],
            [
              139.6950221,
              35.5347574
            ],
            [
              139.6944676,
              35.5347534
            ],
            [
              139.6944557,
              35.5347374
            ],
            [
              139.694378,
              35.5346759
            ],
            [
              139.6943716,
              35.5336573
            ],
            [
              139.6943455,
              35.5334265
            ],
            [
              139.6943232,
              35.5332056
            ],
            [
              139.6942941,
              35.5330123
            ],
            [
              139.6942553,
              35.5328411
            ],
            [
              139.694201,
              35.5326037
            ],
            [
              139.6952887,
              35.5325887
            ],
            [
              139.6952852,
              35.5317561
            ]
          ]
        ]
      },
      "properties": {
        "id": "way/689642930",
        "osm_type": "way",
        "osm_id": 689642930,
        "name": "ラゾーナ川崎プラザ",
        "name:ja": "ラゾーナ川崎プラザ",
        "name:en": "LAZONA kawasaki plaza",
        "role": "complex",
        "class": "entertainment_complex",
        "render_class": "mall",
        "category": "landmark",
        "area_m2": 71445,
        "minzoom": 13,
        "detail_zoom": 16,
        "max_signature_children": 1,
        "icon_size": "L",
        "icon_anchor": [
          139.69465576,
          35.53455731333333
        ],
        "landuse": "retail"
      }
    },
    {
      "type": "Feature",
      "id": "node/13989175076",
      "geometry": {
        "type": "Point",
        "coordinates": [
          139.6967229,
          35.5330506
        ]
      },
      "properties": {
        "id": "node/13989175076",
        "osm_type": "node",
        "osm_id": 13989175076,
        "name": "109シネマズ",
        "name:ja": "109シネマズ",
        "name:en": "109 Cinemas",
        "role": "venue_candidate",
        "parent_id": "way/689642930",
        "class": "cinema",
        "render_class": "cinema",
        "category": "landmark",
        "amenity": "cinema",
        "independent_building": false,
        "area_m2": 0,
        "minzoom": 14,
        "icon_size": "M",
        "icon_anchor": [
          139.6967229,
          35.5330506
        ]
      }
    },
    {
      "type": "Feature",
      "id": "way/690489941",
      "geometry": {
        "type": "Polygon",
        "coordinates": [
          [
            [
              139.6984741,
              35.5287432
            ],
            [
              139.6984795,
              35.5287452
            ],
            [
              139.6985225,
              35.5287721
            ],
            [
              139.6985715,
              35.5288055
            ],
            [
              139.6986058,
              35.5288288
            ],
            [
              139.6986119,
              35.5288341
            ],
            [
              139.6986988,
              35.5289208
            ],
            [
              139.6987777,
              35.5288516
            ],
            [
              139.698658,
              35.5287382
            ],
            [
              139.6986115,
              35.5286961
            ],
            [
              139.6984684,
              35.528639
            ],
            [
              139.698607,
              35.5283695
            ],
            [
              139.6984471,
              35.528318
            ],
            [
              139.6986237,
              35.5279759
            ],
            [
              139.6986174,
              35.5279403
            ],
            [
              139.6973422,
              35.5272588
            ],
            [
              139.697302,
              35.5272588
            ],
            [
              139.6969477,
              35.5277203
            ],
            [
              139.6969801,
              35.5277418
            ],
            [
              139.697069,
              35.5278
            ],
            [
              139.6969879,
              35.5279024
            ],
            [
              139.697007,
              35.5279132
            ],
            [
              139.6972845,
              35.5280518
            ],
            [
              139.6972951,
              35.5280573
            ],
            [
              139.697203,
              35.5281743
            ],
            [
              139.6971645,
              35.5281813
            ],
            [
              139.6969385,
              35.5281022
            ],
            [
              139.6969005,
              35.5281612
            ],
            [
              139.6968631,
              35.5281448
            ],
            [
              139.6967694,
              35.5281462
            ],
            [
              139.696755,
              35.5281542
            ],
            [
              139.6973383,
              35.5287709
            ],
            [
              139.6976338,
              35.5285788
            ],
            [
              139.69808,
              35.5290333
            ],
            [
              139.6981063,
              35.5290601
            ],
            [
              139.698333,
              35.5289122
            ],
            [
              139.6983035,
              35.5288818
            ],
            [
              139.6984691,
              35.5287519
            ],
            [
              139.6984741,
              35.5287432
            ]
          ]
        ]
      },
      "properties": {
        "id": "way/690489941",
        "osm_type": "way",
        "osm_id": 690489941,
        "name": "ラチッタデッラ",
        "name:ja": "ラチッタデッラ",
        "name:en": "LA CITTADELLA",
        "role": "complex",
        "class": "entertainment_complex",
        "render_class": "mall",
        "category": "landmark",
        "area_m2": 18897,
        "minzoom": 13,
        "detail_zoom": 16,
        "max_signature_children": 1,
        "icon_size": "L",
        "icon_anchor": [
          139.69817089,
          35.52863979666667
        ],
        "landuse": "retail"
      }
    },
    {
      "type": "Feature",
      "id": "way/158883031",
      "geometry": {
        "type": "Polygon",
        "coordinates": [
          [
            [
              139.6972845,
              35.5280518
            ],
            [
              139.697007,
              35.5279132
            ],
            [
              139.6970087,
              35.5278769
            ],
            [
              139.697069,
              35.5278
            ],
            [
              139.6969801,
              35.5277418
            ],
            [
              139.6971329,
              35.5275676
            ],
            [
              139.6974652,
              35.5277648
            ],
            [
              139.6974532,
              35.5277854
            ],
            [
              139.6974938,
              35.5278136
            ],
            [
              139.6973568,
              35.5279695
            ],
            [
              139.6972845,
              35.5280518
            ]
          ]
        ]
      },
      "properties": {
        "id": "way/158883031",
        "osm_type": "way",
        "osm_id": 158883031,
        "name": "CLUB CITTA'",
        "name:ja": "CLUB CITTA'",
        "role": "venue_candidate",
        "parent_id": "way/690489941",
        "class": "live_venue",
        "render_class": "theatre",
        "category": "landmark",
        "amenity": "theatre",
        "building": "yes",
        "independent_building": true,
        "area_m2": 1400,
        "minzoom": 14,
        "icon_size": "M",
        "icon_anchor": [
          139.69723051818184,
          35.527848763636364
        ]
      }
    },
    {
      "type": "Feature",
      "id": "node/995971596",
      "geometry": {
        "type": "Point",
        "coordinates": [
          139.697875,
          35.5278506
        ]
      },
      "properties": {
        "id": "node/995971596",
        "osm_type": "node",
        "osm_id": 995971596,
        "name": "Cinecittà",
        "name:ja": "チネチッタ",
        "role": "venue_candidate",
        "parent_id": "way/690489941",
        "class": "cinema",
        "render_class": "cinema",
        "category": "landmark",
        "amenity": "cinema",
        "independent_building": false,
        "area_m2": 0,
        "minzoom": 14,
        "icon_size": "M",
        "icon_anchor": [
          139.697875,
          35.5278506
        ]
      }
    },
    {
      "type": "Feature",
      "id": "way/706345740",
      "geometry": {
        "type": "Polygon",
        "coordinates": [
          [
            [
              139.5170613,
              35.3066065
            ],
            [
              139.5169647,
              35.3063942
            ],
            [
              139.5166039,
              35.306415
            ],
            [
              139.5163639,
              35.3064041
            ],
            [
              139.5160796,
              35.3060265
            ],
            [
              139.5158824,
              35.3057452
            ],
            [
              139.5158207,
              35.3055679
            ],
            [
              139.5158623,
              35.3054705
            ],
            [
              139.515865,
              35.3049408
            ],
            [
              139.5149852,
              35.3052232
            ],
            [
              139.5143442,
              35.3054278
            ],
            [
              139.5148645,
              35.3063089
            ],
            [
              139.5152897,
              35.3070202
            ],
            [
              139.5158348,
              35.3070208
            ],
            [
              139.5158395,
              35.3068076
            ],
            [
              139.515928,
              35.3067863
            ],
            [
              139.5160447,
              35.3069934
            ],
            [
              139.5170613,
              35.3066065
            ]
          ]
        ]
      },
      "properties": {
        "id": "way/706345740",
        "osm_type": "way",
        "osm_id": 706345740,
        "name": "鎌倉プリンスホテル",
        "name:ja": "鎌倉プリンスホテル",
        "role": "complex",
        "class": "retail_complex",
        "render_class": "mall",
        "category": "landmark",
        "area_m2": 26821,
        "minzoom": 13,
        "detail_zoom": 16,
        "max_signature_children": 1,
        "icon_size": "L",
        "icon_anchor": [
          139.51592753888886,
          35.30620918888889
        ],
        "landuse": "retail"
      }
    },
    {
      "type": "Feature",
      "id": "way/727347470",
      "geometry": {
        "type": "Polygon",
        "coordinates": [
          [
            [
              139.4787469,
              35.3111084
            ],
            [
              139.4805514,
              35.3093404
            ],
            [
              139.480093,
              35.3090498
            ],
            [
              139.4800632,
              35.3090504
            ],
            [
              139.4783681,
              35.3108096
            ],
            [
              139.4783714,
              35.3108501
            ],
            [
              139.4787469,
              35.3111084
            ]
          ]
        ]
      },
      "properties": {
        "id": "way/727347470",
        "osm_type": "way",
        "osm_id": 727347470,
        "name": "新江ノ島水族館",
        "name:ja": "新江ノ島水族館",
        "name:en": "Shin Enoshima Aquarium",
        "role": "complex",
        "class": "retail_complex",
        "render_class": "mall",
        "category": "landmark",
        "area_m2": 12971,
        "minzoom": 13,
        "detail_zoom": 16,
        "max_signature_children": 1,
        "icon_size": "L",
        "icon_anchor": [
          139.47927727142857,
          35.31018815714286
        ],
        "landuse": "retail"
      }
    },
    {
      "type": "Feature",
      "id": "way/751226239",
      "geometry": {
        "type": "Polygon",
        "coordinates": [
          [
            [
              139.6417942,
              35.1675871
            ],
            [
              139.6417979,
              35.1676944
            ],
            [
              139.6418099,
              35.1677072
            ],
            [
              139.6418623,
              35.1681024
            ],
            [
              139.6419355,
              35.1682984
            ],
            [
              139.6418592,
              35.1683577
            ],
            [
              139.6418322,
              35.1684147
            ],
            [
              139.6418926,
              35.1688225
            ],
            [
              139.6414207,
              35.1689104
            ],
            [
              139.6414045,
              35.1688855
            ],
            [
              139.6413002,
              35.1688912
            ],
            [
              139.6411079,
              35.1686699
            ],
            [
              139.6409836,
              35.1682196
            ],
            [
              139.640793,
              35.1677633
            ],
            [
              139.6407913,
              35.1677375
            ],
            [
              139.6408182,
              35.1677099
            ],
            [
              139.6408506,
              35.1676911
            ],
            [
              139.6408503,
              35.1675601
            ],
            [
              139.6408101,
              35.1675214
            ],
            [
              139.6408023,
              35.1673447
            ],
            [
              139.6409941,
              35.1672766
            ],
            [
              139.641076,
              35.1672634
            ],
            [
              139.6410745,
              35.1672306
            ],
            [
              139.6412967,
              35.167174
            ],
            [
              139.6412922,
              35.1675512
            ],
            [
              139.6418309,
              35.1675475
            ],
            [
              139.6417942,
              35.1675871
            ]
          ]
        ]
      },
      "properties": {
        "id": "way/751226239",
        "osm_type": "way",
        "osm_id": 751226239,
        "name": "ベイシアフードセンター",
        "name:ja": "ベイシアフードセンター",
        "role": "complex",
        "class": "retail_complex",
        "render_class": "mall",
        "category": "landmark",
        "area_m2": 13071,
        "minzoom": 13,
        "detail_zoom": 16,
        "max_signature_children": 1,
        "icon_size": "L",
        "icon_anchor": [
          139.6413361148148,
          35.16790812592593
        ],
        "landuse": "retail",
        "shop": "supermarket"
      }
    },
    {
      "type": "Feature",
      "id": "way/779728172",
      "geometry": {
        "type": "Polygon",
        "coordinates": [
          [
            [
              139.1924027,
              35.2799636
            ],
            [
              139.1923892,
              35.2817481
            ],
            [
              139.1953021,
              35.28177
            ],
            [
              139.1952887,
              35.2799942
            ],
            [
              139.1924027,
              35.2799636
            ]
          ]
        ]
      },
      "properties": {
        "id": "way/779728172",
        "osm_type": "way",
        "osm_id": 779728172,
        "name": "フレスポ小田原シティーモール",
        "name:ja": "フレスポ小田原シティーモール",
        "role": "complex",
        "class": "retail_complex",
        "render_class": "mall",
        "category": "landmark",
        "area_m2": 51864,
        "minzoom": 13,
        "detail_zoom": 16,
        "max_signature_children": 1,
        "icon_size": "L",
        "icon_anchor": [
          139.19355707999998,
          35.280687900000004
        ],
        "landuse": "retail",
        "shop": "mall"
      }
    },
    {
      "type": "Feature",
      "id": "way/799617068",
      "geometry": {
        "type": "Polygon",
        "coordinates": [
          [
            [
              139.6419796,
              35.455143
            ],
            [
              139.6408539,
              35.4557728
            ],
            [
              139.6411399,
              35.4561347
            ],
            [
              139.642076,
              35.4573414
            ],
            [
              139.6422226,
              35.4572357
            ],
            [
              139.6422593,
              35.4572146
            ],
            [
              139.6428365,
              35.4568828
            ],
            [
              139.6432214,
              35.4566746
            ],
            [
              139.6432234,
              35.4566651
            ],
            [
              139.6432194,
              35.4566571
            ],
            [
              139.6431883,
              35.4566229
            ],
            [
              139.6431798,
              35.4566286
            ],
            [
              139.6421397,
              35.4553411
            ],
            [
              139.6419796,
              35.455143
            ]
          ]
        ]
      },
      "properties": {
        "id": "way/799617068",
        "osm_type": "way",
        "osm_id": 799617068,
        "name": "横浜ハンマーヘッド",
        "name:ja": "横浜ハンマーヘッド",
        "name:en": "Yokohama Hammerhead",
        "role": "complex",
        "class": "retail_complex",
        "render_class": "mall",
        "category": "landmark",
        "area_m2": 25441,
        "minzoom": 13,
        "detail_zoom": 16,
        "max_signature_children": 1,
        "icon_size": "L",
        "icon_anchor": [
          139.64239424285714,
          35.456389814285714
        ],
        "landuse": "retail"
      }
    },
    {
      "type": "Feature",
      "id": "way/901154740",
      "geometry": {
        "type": "Polygon",
        "coordinates": [
          [
            [
              139.5779521,
              35.3743542
            ],
            [
              139.5778344,
              35.3743205
            ],
            [
              139.5778442,
              35.3742976
            ],
            [
              139.5778883,
              35.3741954
            ],
            [
              139.5776958,
              35.3741403
            ],
            [
              139.5770287,
              35.3739493
            ],
            [
              139.5768179,
              35.3744388
            ],
            [
              139.5770748,
              35.3745124
            ],
            [
              139.5773205,
              35.3745827
            ],
            [
              139.5774011,
              35.3746058
            ],
            [
              139.577244,
              35.3749705
            ],
            [
              139.5771233,
              35.3752507
            ],
            [
              139.5773562,
              35.3753174
            ],
            [
              139.5777631,
              35.3754339
            ],
            [
              139.5777698,
              35.3754184
            ],
            [
              139.5779322,
              35.3754649
            ],
            [
              139.578041,
              35.3752125
            ],
            [
              139.5781673,
              35.3749194
            ],
            [
              139.5781141,
              35.3749041
            ],
            [
              139.5781472,
              35.3748273
            ],
            [
              139.5777923,
              35.3747256
            ],
            [
              139.5778233,
              35.3746538
            ],
            [
              139.5778341,
              35.3746287
            ],
            [
              139.5778501,
              35.3745916
            ],
            [
              139.5778781,
              35.3745266
            ],
            [
              139.5777588,
              35.3744924
            ],
            [
              139.5778145,
              35.3743633
            ],
            [
              139.5779335,
              35.3743974
            ],
            [
              139.5779521,
              35.3743542
            ]
          ]
        ]
      },
      "properties": {
        "id": "way/901154740",
        "osm_type": "way",
        "osm_id": 901154740,
        "name": "港南台バーズ",
        "name:ja": "港南台バーズ",
        "role": "complex",
        "class": "retail_complex",
        "render_class": "mall",
        "category": "landmark",
        "area_m2": 10781,
        "minzoom": 13,
        "detail_zoom": 16,
        "max_signature_children": 1,
        "icon_size": "L",
        "icon_anchor": [
          139.57769492413797,
          35.3746844724138
        ],
        "shop": "mall"
      }
    },
    {
      "type": "Feature",
      "id": "way/934667672",
      "geometry": {
        "type": "Polygon",
        "coordinates": [
          [
            [
              139.6313551,
              35.463991
            ],
            [
              139.6315036,
              35.4641413
            ],
            [
              139.6315461,
              35.4641941
            ],
            [
              139.6315778,
              35.464249
            ],
            [
              139.631605,
              35.464309
            ],
            [
              139.6316175,
              35.46437
            ],
            [
              139.6316216,
              35.464435
            ],
            [
              139.6316155,
              35.4645001
            ],
            [
              139.6315992,
              35.4645634
            ],
            [
              139.6315708,
              35.4646268
            ],
            [
              139.6312157,
              35.4653085
            ],
            [
              139.6311886,
              35.4653485
            ],
            [
              139.6311526,
              35.4653827
            ],
            [
              139.6311104,
              35.4654123
            ],
            [
              139.6310577,
              35.4654361
            ],
            [
              139.6310007,
              35.4654498
            ],
            [
              139.6309428,
              35.4654541
            ],
            [
              139.6308854,
              35.4654509
            ],
            [
              139.6308297,
              35.4654365
            ],
            [
              139.6300064,
              35.465147
            ],
            [
              139.6299416,
              35.4651235
            ],
            [
              139.629879,
              35.4650989
            ],
            [
              139.6298153,
              35.465072
            ],
            [
              139.6297602,
              35.4650471
            ],
            [
              139.6297134,
              35.4650254
            ],
            [
              139.6296646,
              35.4650018
            ],
            [
              139.6296168,
              35.4649761
            ],
            [
              139.6295711,
              35.4649521
            ],
            [
              139.6287884,
              35.4645181
            ],
            [
              139.6286698,
              35.4644433
            ],
            [
              139.6285821,
              35.4643535
            ],
            [
              139.628522,
              35.4642461
            ],
            [
              139.6284959,
              35.4641337
            ],
            [
              139.6284957,
              35.4639933
            ],
            [
              139.6313335,
              35.463991
            ],
            [
              139.6313551,
              35.463991
            ]
          ]
        ]
      },
      "properties": {
        "id": "way/934667672",
        "osm_type": "way",
        "osm_id": 934667672,
        "name": "ミュージックテラス",
        "name:ja": "ミュージックテラス",
        "role": "complex",
        "class": "entertainment_complex",
        "render_class": "mall",
        "category": "landmark",
        "area_m2": 31280,
        "minzoom": 13,
        "detail_zoom": 16,
        "max_signature_children": 1,
        "icon_size": "L",
        "icon_anchor": [
          139.62870409333334,
          35.46418608
        ],
        "landuse": "retail"
      }
    },
    {
      "type": "Feature",
      "id": "way/934667675",
      "geometry": {
        "type": "Polygon",
        "coordinates": [
          [
            [
              139.6312794,
              35.4640348
            ],
            [
              139.6298944,
              35.464042
            ],
            [
              139.6298922,
              35.464573
            ],
            [
              139.6303466,
              35.4651599
            ],
            [
              139.6309827,
              35.4653841
            ],
            [
              139.6311131,
              35.4651458
            ],
            [
              139.6315448,
              35.4643403
            ],
            [
              139.6312794,
              35.4640348
            ]
          ]
        ]
      },
      "properties": {
        "id": "way/934667675",
        "osm_type": "way",
        "osm_id": 934667675,
        "name": "K-Arena Yokohama",
        "name:ja": "Ｋアリーナ横浜",
        "role": "venue_candidate",
        "parent_id": "way/934667672",
        "class": "live_venue",
        "render_class": "theatre",
        "category": "landmark",
        "amenity": "theatre",
        "building": "retail",
        "independent_building": true,
        "area_m2": 15890,
        "minzoom": 14,
        "icon_size": "M",
        "icon_anchor": [
          139.63079157500002,
          35.4645893375
        ]
      }
    },
    {
      "type": "Feature",
      "id": "way/1009663223",
      "geometry": {
        "type": "Polygon",
        "coordinates": [
          [
            [
              139.4267144,
              35.5019288
            ],
            [
              139.4267387,
              35.5018887
            ],
            [
              139.4265005,
              35.501372
            ],
            [
              139.4264034,
              35.5012856
            ],
            [
              139.4263011,
              35.5010693
            ],
            [
              139.4263075,
              35.5009459
            ],
            [
              139.425338,
              35.4988587
            ],
            [
              139.4252402,
              35.4988332
            ],
            [
              139.4250837,
              35.4988787
            ],
            [
              139.4250304,
              35.4987601
            ],
            [
              139.425011,
              35.4987336
            ],
            [
              139.4249917,
              35.498715
            ],
            [
              139.4249635,
              35.4987029
            ],
            [
              139.4249336,
              35.4986959
            ],
            [
              139.4249097,
              35.4986945
            ],
            [
              139.4248809,
              35.4986995
            ],
            [
              139.4246594,
              35.4987695
            ],
            [
              139.4246215,
              35.4987933
            ],
            [
              139.4246006,
              35.4988209
            ],
            [
              139.4245875,
              35.4988514
            ],
            [
              139.4245871,
              35.4988886
            ],
            [
              139.4245928,
              35.4989031
            ],
            [
              139.4246466,
              35.4990058
            ],
            [
              139.4245244,
              35.4990652
            ],
            [
              139.4244467,
              35.4991193
            ],
            [
              139.4243501,
              35.4992066
            ],
            [
              139.4242857,
              35.4993027
            ],
            [
              139.42424,
              35.4994097
            ],
            [
              139.4242025,
              35.4995167
            ],
            [
              139.4241319,
              35.4996161
            ],
            [
              139.4240338,
              35.4997172
            ],
            [
              139.4239141,
              35.4997929
            ],
            [
              139.4238062,
              35.4998305
            ],
            [
              139.4236803,
              35.4998565
            ],
            [
              139.4235474,
              35.4998581
            ],
            [
              139.4234419,
              35.4998438
            ],
            [
              139.4228646,
              35.4996918
            ],
            [
              139.4222842,
              35.4995075
            ],
            [
              139.4218793,
              35.4993733
            ],
            [
              139.4214451,
              35.4992362
            ],
            [
              139.4212013,
              35.4991646
            ],
            [
              139.4208599,
              35.4990773
            ],
            [
              139.4200332,
              35.4988978
            ],
            [
              139.4199246,
              35.4989354
            ],
            [
              139.4195986,
              35.4996289
            ],
            [
              139.4197673,
              35.4996638
            ],
            [
              139.419735,
              35.4997682
            ],
            [
              139.4206753,
              35.4999702
            ],
            [
              139.4207181,
              35.4998601
            ],
            [
              139.420853,
              35.499885
            ],
            [
              139.422238,
              35.5002781
            ],
            [
              139.422207,
              35.5003421
            ],
            [
              139.4234821,
              35.500666
            ],
            [
              139.4234235,
              35.5008068
            ],
            [
              139.4245782,
              35.5010467
            ],
            [
              139.4251165,
              35.5021971
            ],
            [
              139.4252719,
              35.5021569
            ],
            [
              139.4253006,
              35.5021731
            ],
            [
              139.4254867,
              35.5021368
            ],
            [
              139.4255288,
              35.5021092
            ],
            [
              139.4259508,
              35.5020377
            ],
            [
              139.4262404,
              35.5020166
            ],
            [
              139.4267144,
              35.5019288
            ]
          ]
        ]
      },
      "properties": {
        "id": "way/1009663223",
        "osm_type": "way",
        "osm_id": 1009663223,
        "name": "イオンモール座間",
        "name:ja": "イオンモール座間",
        "role": "complex",
        "class": "entertainment_complex",
        "render_class": "mall",
        "category": "landmark",
        "area_m2": 92340,
        "minzoom": 13,
        "detail_zoom": 16,
        "max_signature_children": 1,
        "icon_size": "L",
        "icon_anchor": [
          139.4262626933333,
          35.50173008666666
        ],
        "landuse": "retail"
      }
    },
    {
      "type": "Feature",
      "id": "way/778369826",
      "geometry": {
        "type": "Polygon",
        "coordinates": [
          [
            [
              139.4223965,
              35.5002378
            ],
            [
              139.4225811,
              35.4997649
            ],
            [
              139.4232301,
              35.4999327
            ],
            [
              139.423274,
              35.4999441
            ],
            [
              139.4230895,
              35.500417
            ],
            [
              139.4223965,
              35.5002378
            ]
          ]
        ]
      },
      "properties": {
        "id": "way/778369826",
        "osm_type": "way",
        "osm_id": 778369826,
        "name": "イオンシネマ座間",
        "name:ja": "イオンシネマ座間",
        "name:en": "AEON Cinema Zama",
        "role": "venue_candidate",
        "parent_id": "way/1009663223",
        "class": "cinema",
        "render_class": "cinema",
        "category": "landmark",
        "amenity": "cinema",
        "building": "yes",
        "independent_building": true,
        "area_m2": 3615,
        "minzoom": 14,
        "icon_size": "M",
        "icon_anchor": [
          139.42282795,
          35.50008905000001
        ]
      }
    },
    {
      "type": "Feature",
      "id": "way/1014436842",
      "geometry": {
        "type": "Polygon",
        "coordinates": [
          [
            [
              139.3617957,
              35.3888819
            ],
            [
              139.3618593,
              35.3888465
            ],
            [
              139.362234,
              35.3888558
            ],
            [
              139.3624657,
              35.3888973
            ],
            [
              139.3627604,
              35.3890162
            ],
            [
              139.3629124,
              35.3890967
            ],
            [
              139.3630264,
              35.3891887
            ],
            [
              139.3631616,
              35.3893557
            ],
            [
              139.3632318,
              35.3894806
            ],
            [
              139.3633689,
              35.3897687
            ],
            [
              139.3635817,
              35.390459
            ],
            [
              139.3636842,
              35.3906878
            ],
            [
              139.3638432,
              35.390886
            ],
            [
              139.3639901,
              35.3910016
            ],
            [
              139.3641339,
              35.3910989
            ],
            [
              139.3642852,
              35.3911784
            ],
            [
              139.3644292,
              35.3912315
            ],
            [
              139.3645699,
              35.3912685
            ],
            [
              139.364702,
              35.3912936
            ],
            [
              139.3648717,
              35.3913127
            ],
            [
              139.3655806,
              35.3913152
            ],
            [
              139.3670254,
              35.3913187
            ],
            [
              139.3670986,
              35.3913848
            ],
            [
              139.3670893,
              35.393132
            ],
            [
              139.3670098,
              35.3931933
            ],
            [
              139.3619226,
              35.3931736
            ],
            [
              139.3618061,
              35.3930645
            ],
            [
              139.3618111,
              35.3911625
            ],
            [
              139.3624946,
              35.3911519
            ],
            [
              139.3625126,
              35.3905149
            ],
            [
              139.3617911,
              35.3905155
            ],
            [
              139.3617957,
              35.3888819
            ]
          ]
        ]
      },
      "properties": {
        "id": "way/1014436842",
        "osm_type": "way",
        "osm_id": 1014436842,
        "name": "THE OUTLETS SHONAN HIRATSUKA",
        "name:ja": "ジ アウトレット湘南平塚",
        "role": "complex",
        "class": "retail_complex",
        "render_class": "mall",
        "category": "landmark",
        "area_m2": 135935,
        "minzoom": 13,
        "detail_zoom": 16,
        "max_signature_children": 1,
        "icon_size": "L",
        "icon_anchor": [
          139.36365139999998,
          35.390644215625
        ],
        "landuse": "retail"
      }
    },
    {
      "type": "Feature",
      "id": "way/1038834358",
      "geometry": {
        "type": "Polygon",
        "coordinates": [
          [
            [
              139.1923868,
              35.2818327
            ],
            [
              139.1952915,
              35.2818403
            ],
            [
              139.1952822,
              35.2830419
            ],
            [
              139.1943855,
              35.2830374
            ],
            [
              139.1943781,
              35.2832687
            ],
            [
              139.1944349,
              35.2834588
            ],
            [
              139.1928827,
              35.2834673
            ],
            [
              139.1928836,
              35.2835508
            ],
            [
              139.1928573,
              35.283576
            ],
            [
              139.1924226,
              35.2835765
            ],
            [
              139.1923761,
              35.2835369
            ],
            [
              139.1923868,
              35.2818327
            ]
          ]
        ]
      },
      "properties": {
        "id": "way/1038834358",
        "osm_type": "way",
        "osm_id": 1038834358,
        "name": "フレスポ小田原シティーモール",
        "name:ja": "フレスポ小田原シティーモール",
        "role": "complex",
        "class": "retail_complex",
        "render_class": "mall",
        "category": "landmark",
        "area_m2": 44245,
        "minzoom": 13,
        "detail_zoom": 16,
        "max_signature_children": 1,
        "icon_size": "L",
        "icon_anchor": [
          139.1934973416667,
          35.283001666666664
        ],
        "landuse": "retail",
        "shop": "mall"
      }
    },
    {
      "type": "Feature",
      "id": "way/1053630390",
      "geometry": {
        "type": "Polygon",
        "coordinates": [
          [
            [
              139.3308292,
              35.595141
            ],
            [
              139.3308053,
              35.5951247
            ],
            [
              139.3306417,
              35.5933962
            ],
            [
              139.3304218,
              35.5923864
            ],
            [
              139.3308478,
              35.5922225
            ],
            [
              139.331441,
              35.5919785
            ],
            [
              139.3318069,
              35.5919731
            ],
            [
              139.3321143,
              35.5919676
            ],
            [
              139.3322323,
              35.5920068
            ],
            [
              139.3323047,
              35.5920875
            ],
            [
              139.3323401,
              35.5926653
            ],
            [
              139.3323415,
              35.5929675
            ],
            [
              139.3323414,
              35.5931186
            ],
            [
              139.3323439,
              35.5932201
            ],
            [
              139.3323323,
              35.5932647
            ],
            [
              139.3322937,
              35.5933064
            ],
            [
              139.3322224,
              35.593328
            ],
            [
              139.331852,
              35.5934158
            ],
            [
              139.3319004,
              35.5936072
            ],
            [
              139.3318363,
              35.5935889
            ],
            [
              139.331928,
              35.5946454
            ],
            [
              139.3319365,
              35.5947816
            ],
            [
              139.3319552,
              35.5950401
            ],
            [
              139.331965,
              35.5951204
            ],
            [
              139.3314406,
              35.5951595
            ],
            [
              139.3314347,
              35.5951008
            ],
            [
              139.3308292,
              35.595141
            ]
          ]
        ]
      },
      "properties": {
        "id": "way/1053630390",
        "osm_type": "way",
        "osm_id": 1053630390,
        "name": "ロイヤルホームセンター 相模原橋本店",
        "name:ja": "ロイヤルホームセンター 相模原橋本店",
        "role": "complex",
        "class": "retail_complex",
        "render_class": "mall",
        "category": "landmark",
        "area_m2": 44026,
        "minzoom": 13,
        "detail_zoom": 16,
        "max_signature_children": 1,
        "icon_size": "L",
        "icon_anchor": [
          139.33173104444444,
          35.593546503703706
        ],
        "landuse": "retail"
      }
    },
    {
      "type": "Feature",
      "id": "way/1053930109",
      "geometry": {
        "type": "Polygon",
        "coordinates": [
          [
            [
              139.3367255,
              35.5969416
            ],
            [
              139.3379204,
              35.5968705
            ],
            [
              139.3379369,
              35.5970965
            ],
            [
              139.3384172,
              35.5970726
            ],
            [
              139.3384008,
              35.5974087
            ],
            [
              139.3384148,
              35.5976289
            ],
            [
              139.3383386,
              35.5976954
            ],
            [
              139.3380701,
              35.5976852
            ],
            [
              139.3368501,
              35.5977554
            ],
            [
              139.3367291,
              35.5976657
            ],
            [
              139.3366668,
              35.597006
            ],
            [
              139.3366687,
              35.596985
            ],
            [
              139.336673,
              35.5969689
            ],
            [
              139.3366867,
              35.5969553
            ],
            [
              139.3367004,
              35.596948
            ],
            [
              139.3367255,
              35.5969416
            ]
          ]
        ]
      },
      "properties": {
        "id": "way/1053930109",
        "osm_type": "way",
        "osm_id": 1053930109,
        "name": "ラ･フロール",
        "name:ja": "ラ･フロール",
        "role": "complex",
        "class": "retail_complex",
        "render_class": "mall",
        "category": "landmark",
        "area_m2": 12939,
        "minzoom": 13,
        "detail_zoom": 16,
        "max_signature_children": 1,
        "icon_size": "L",
        "icon_anchor": [
          139.3373702875,
          35.59722658125
        ],
        "landuse": "retail"
      }
    },
    {
      "type": "Feature",
      "id": "way/1054291396",
      "geometry": {
        "type": "Polygon",
        "coordinates": [
          [
            [
              139.3338121,
              35.5961836
            ],
            [
              139.3344829,
              35.5961761
            ],
            [
              139.3345358,
              35.5966937
            ],
            [
              139.335264,
              35.5966796
            ],
            [
              139.3352328,
              35.5968416
            ],
            [
              139.3352081,
              35.5970226
            ],
            [
              139.3351987,
              35.597197
            ],
            [
              139.3352377,
              35.5977629
            ],
            [
              139.3351577,
              35.5978456
            ],
            [
              139.3343628,
              35.5979024
            ],
            [
              139.3343379,
              35.5976738
            ],
            [
              139.3339517,
              35.5977003
            ],
            [
              139.3338121,
              35.5961836
            ]
          ]
        ]
      },
      "properties": {
        "id": "way/1054291396",
        "osm_type": "way",
        "osm_id": 1054291396,
        "name": "COTOE橋本",
        "name:ja": "COTOE橋本",
        "role": "complex",
        "class": "retail_complex",
        "render_class": "mall",
        "category": "landmark",
        "area_m2": 18190,
        "minzoom": 13,
        "detail_zoom": 16,
        "max_signature_children": 1,
        "icon_size": "L",
        "icon_anchor": [
          139.33466109999998,
          35.597066369230774
        ],
        "landuse": "retail"
      }
    },
    {
      "type": "Feature",
      "id": "way/1075437665",
      "geometry": {
        "type": "Polygon",
        "coordinates": [
          [
            [
              139.5469994,
              35.5273962
            ],
            [
              139.5469806,
              35.5273023
            ],
            [
              139.5469853,
              35.5271417
            ],
            [
              139.5470866,
              35.5271163
            ],
            [
              139.547167,
              35.5270863
            ],
            [
              139.5472724,
              35.5270354
            ],
            [
              139.5472897,
              35.5270381
            ],
            [
              139.5473673,
              35.52705
            ],
            [
              139.5474575,
              35.5270651
            ],
            [
              139.5474656,
              35.5270601
            ],
            [
              139.5474798,
              35.5270621
            ],
            [
              139.547635,
              35.5272349
            ],
            [
              139.5477844,
              35.5274037
            ],
            [
              139.5479623,
              35.5275807
            ],
            [
              139.5479748,
              35.5275743
            ],
            [
              139.5481737,
              35.527783
            ],
            [
              139.5481186,
              35.5278198
            ],
            [
              139.5484364,
              35.5281405
            ],
            [
              139.5483666,
              35.5281862
            ],
            [
              139.548411,
              35.5282349
            ],
            [
              139.5484894,
              35.5281876
            ],
            [
              139.5485105,
              35.5282629
            ],
            [
              139.5484046,
              35.5287068
            ],
            [
              139.5483693,
              35.5287246
            ],
            [
              139.5482711,
              35.5283828
            ],
            [
              139.5481238,
              35.5284115
            ],
            [
              139.5479403,
              35.5284503
            ],
            [
              139.5479168,
              35.5284497
            ],
            [
              139.547897,
              35.5284443
            ],
            [
              139.5478785,
              35.5284361
            ],
            [
              139.5477067,
              35.528307
            ],
            [
              139.5476198,
              35.5282011
            ],
            [
              139.5475714,
              35.5281434
            ],
            [
              139.5475364,
              35.5281072
            ],
            [
              139.5475003,
              35.528045
            ],
            [
              139.5474665,
              35.5279775
            ],
            [
              139.5474316,
              35.5279276
            ],
            [
              139.5474067,
              35.5278996
            ],
            [
              139.5471069,
              35.5275844
            ],
            [
              139.5470572,
              35.5275273
            ],
            [
              139.5470273,
              35.5274726
            ],
            [
              139.5469994,
              35.5273962
            ]
          ]
        ]
      },
      "properties": {
        "id": "way/1075437665",
        "osm_type": "way",
        "osm_id": 1075437665,
        "name": "フォルテ横浜川和町",
        "name:ja": "フォルテ横浜川和町",
        "role": "complex",
        "class": "retail_complex",
        "render_class": "mall",
        "category": "landmark",
        "area_m2": 10830,
        "minzoom": 13,
        "detail_zoom": 16,
        "max_signature_children": 1,
        "icon_size": "L",
        "icon_anchor": [
          139.5476820357143,
          35.52779421666667
        ],
        "landuse": "retail"
      }
    },
    {
      "type": "Feature",
      "id": "way/1095282848",
      "geometry": {
        "type": "Polygon",
        "coordinates": [
          [
            [
              139.6404322,
              35.3613786
            ],
            [
              139.641264,
              35.361612
            ],
            [
              139.6416257,
              35.36181
            ],
            [
              139.6416193,
              35.3622383
            ],
            [
              139.6415349,
              35.3623092
            ],
            [
              139.6406021,
              35.3622686
            ],
            [
              139.640459,
              35.3622415
            ],
            [
              139.6403389,
              35.3622237
            ],
            [
              139.640151,
              35.3622269
            ],
            [
              139.640137,
              35.3622561
            ],
            [
              139.6399121,
              35.3622529
            ],
            [
              139.6398444,
              35.3622081
            ],
            [
              139.6396808,
              35.3621987
            ],
            [
              139.6396016,
              35.3622248
            ],
            [
              139.6389831,
              35.3622154
            ],
            [
              139.6389116,
              35.362155
            ],
            [
              139.6389333,
              35.3615464
            ],
            [
              139.6391071,
              35.3614193
            ],
            [
              139.639484,
              35.3614349
            ],
            [
              139.6396489,
              35.361412
            ],
            [
              139.639898,
              35.3614193
            ],
            [
              139.6399798,
              35.3613911
            ],
            [
              139.6404322,
              35.3613786
            ]
          ]
        ]
      },
      "properties": {
        "id": "way/1095282848",
        "osm_type": "way",
        "osm_id": 1095282848,
        "name": "ビアレ横浜",
        "name:ja": "ビアレ横浜",
        "role": "complex",
        "class": "retail_complex",
        "render_class": "mall",
        "category": "landmark",
        "area_m2": 20841,
        "minzoom": 13,
        "detail_zoom": 16,
        "max_signature_children": 1,
        "icon_size": "L",
        "icon_anchor": [
          139.6401122173913,
          35.36190527826086
        ],
        "landuse": "retail"
      }
    },
    {
      "type": "Feature",
      "id": "way/1157146104",
      "geometry": {
        "type": "Polygon",
        "coordinates": [
          [
            [
              139.3614425,
              35.584837
            ],
            [
              139.3622079,
              35.584471
            ],
            [
              139.3623524,
              35.5846674
            ],
            [
              139.3627923,
              35.5844571
            ],
            [
              139.3628861,
              35.5843972
            ],
            [
              139.3627024,
              35.5841587
            ],
            [
              139.3628484,
              35.5840891
            ],
            [
              139.3627405,
              35.5838834
            ],
            [
              139.3622537,
              35.5831868
            ],
            [
              139.3622167,
              35.5831768
            ],
            [
              139.3620627,
              35.5832519
            ],
            [
              139.3619702,
              35.5832858
            ],
            [
              139.3619187,
              35.5832981
            ],
            [
              139.361969,
              35.5833695
            ],
            [
              139.3618819,
              35.583412
            ],
            [
              139.3620855,
              35.5836986
            ],
            [
              139.3613663,
              35.5840415
            ],
            [
              139.3613479,
              35.5841565
            ],
            [
              139.3614425,
              35.584837
            ]
          ]
        ]
      },
      "properties": {
        "id": "way/1157146104",
        "osm_type": "way",
        "osm_id": 1157146104,
        "name": "相模原ラクーン",
        "name:ja": "相模原ラクーン",
        "role": "complex",
        "class": "retail_complex",
        "render_class": "mall",
        "category": "landmark",
        "area_m2": 13895,
        "minzoom": 13,
        "detail_zoom": 16,
        "max_signature_children": 1,
        "icon_size": "L",
        "icon_anchor": [
          139.3621309263158,
          35.58393028421053
        ],
        "landuse": "retail"
      }
    },
    {
      "type": "Feature",
      "id": "way/1228959596",
      "geometry": {
        "type": "Polygon",
        "coordinates": [
          [
            [
              139.392616,
              35.5735086
            ],
            [
              139.3936751,
              35.5736051
            ],
            [
              139.3938261,
              35.5736552
            ],
            [
              139.3945394,
              35.5737128
            ],
            [
              139.3946236,
              35.5730312
            ],
            [
              139.3930729,
              35.5728934
            ],
            [
              139.3930527,
              35.5730631
            ],
            [
              139.3926829,
              35.5730329
            ],
            [
              139.392616,
              35.5735086
            ]
          ]
        ]
      },
      "properties": {
        "id": "way/1228959596",
        "osm_type": "way",
        "osm_id": 1228959596,
        "name": "F.O.K.ショッピングセンター",
        "name:ja": "F.O.K.ショッピングセンター",
        "role": "complex",
        "class": "retail_complex",
        "render_class": "mall",
        "category": "landmark",
        "area_m2": 12286,
        "minzoom": 13,
        "detail_zoom": 16,
        "max_signature_children": 1,
        "icon_size": "L",
        "icon_anchor": [
          139.39341163333336,
          35.57333454444444
        ],
        "landuse": "retail"
      }
    },
    {
      "type": "Feature",
      "id": "way/1262817620",
      "geometry": {
        "type": "Polygon",
        "coordinates": [
          [
            [
              139.4836441,
              35.5573036
            ],
            [
              139.4837406,
              35.5567505
            ],
            [
              139.4837621,
              35.5567396
            ],
            [
              139.4849156,
              35.5568769
            ],
            [
              139.4849124,
              35.556898
            ],
            [
              139.4849029,
              35.5569459
            ],
            [
              139.4849109,
              35.556981
            ],
            [
              139.48488,
              35.5571369
            ],
            [
              139.4851791,
              35.5572828
            ],
            [
              139.4852249,
              35.5573164
            ],
            [
              139.4852696,
              35.5573447
            ],
            [
              139.4853091,
              35.5573718
            ],
            [
              139.4858568,
              35.5576408
            ],
            [
              139.486001,
              35.557709
            ],
            [
              139.4858116,
              35.5579646
            ],
            [
              139.4857103,
              35.5579854
            ],
            [
              139.4850959,
              35.5576802
            ],
            [
              139.4850004,
              35.5576307
            ],
            [
              139.4848448,
              35.5575718
            ],
            [
              139.4846037,
              35.5574998
            ],
            [
              139.484331,
              35.5574465
            ],
            [
              139.4837056,
              35.5573713
            ],
            [
              139.4836441,
              35.5573036
            ]
          ]
        ]
      },
      "properties": {
        "id": "way/1262817620",
        "osm_type": "way",
        "osm_id": 1262817620,
        "name": "W.A.Oこどものくにショッピングセンター",
        "name:ja": "W.A.Oこどものくにショッピングセンター",
        "role": "complex",
        "class": "retail_complex",
        "render_class": "mall",
        "category": "landmark",
        "area_m2": 12065,
        "minzoom": 13,
        "detail_zoom": 16,
        "max_signature_children": 1,
        "icon_size": "L",
        "icon_anchor": [
          139.48483723913046,
          35.557337034782606
        ],
        "landuse": "retail"
      }
    },
    {
      "type": "Feature",
      "id": "way/1278191213",
      "geometry": {
        "type": "Polygon",
        "coordinates": [
          [
            [
              139.4667659,
              35.3380843
            ],
            [
              139.4666743,
              35.3387329
            ],
            [
              139.4666416,
              35.3387303
            ],
            [
              139.4665896,
              35.3391034
            ],
            [
              139.466449,
              35.3390884
            ],
            [
              139.466397,
              35.3394705
            ],
            [
              139.4664236,
              35.3395014
            ],
            [
              139.4673701,
              35.3396767
            ],
            [
              139.4680461,
              35.3385088
            ],
            [
              139.467711,
              35.3384862
            ],
            [
              139.4677323,
              35.3382472
            ],
            [
              139.4676118,
              35.3382395
            ],
            [
              139.4676249,
              35.3381372
            ],
            [
              139.4667659,
              35.3380843
            ]
          ]
        ]
      },
      "properties": {
        "id": "way/1278191213",
        "osm_type": "way",
        "osm_id": 1278191213,
        "name": "tvkハウジングプラザ藤沢",
        "name:ja": "tvkハウジングプラザ藤沢",
        "role": "complex",
        "class": "retail_complex",
        "render_class": "mall",
        "category": "landmark",
        "area_m2": 16786,
        "minzoom": 13,
        "detail_zoom": 16,
        "max_signature_children": 1,
        "icon_size": "L",
        "icon_anchor": [
          139.46705736428572,
          35.33872079285714
        ],
        "landuse": "retail"
      }
    },
    {
      "type": "Feature",
      "id": "way/1303389995",
      "geometry": {
        "type": "Polygon",
        "coordinates": [
          [
            [
              139.4836164,
              35.4051024
            ],
            [
              139.4833346,
              35.4052645
            ],
            [
              139.4832683,
              35.4053017
            ],
            [
              139.4830101,
              35.4054535
            ],
            [
              139.4829505,
              35.4054869
            ],
            [
              139.4826492,
              35.4056569
            ],
            [
              139.4824847,
              35.4054597
            ],
            [
              139.4819332,
              35.4048264
            ],
            [
              139.4819113,
              35.4047861
            ],
            [
              139.4819051,
              35.404755
            ],
            [
              139.4819067,
              35.4047267
            ],
            [
              139.4819238,
              35.4046819
            ],
            [
              139.4819578,
              35.4046509
            ],
            [
              139.4824923,
              35.4043546
            ],
            [
              139.482534,
              35.4043315
            ],
            [
              139.4825901,
              35.4043987
            ],
            [
              139.482734,
              35.404319
            ],
            [
              139.4826708,
              35.4042432
            ],
            [
              139.4827566,
              35.4041956
            ],
            [
              139.4828545,
              35.4041414
            ],
            [
              139.4829402,
              35.4042441
            ],
            [
              139.4830098,
              35.4042055
            ],
            [
              139.4829769,
              35.4041661
            ],
            [
              139.4831226,
              35.4041282
            ],
            [
              139.4833035,
              35.4040954
            ],
            [
              139.4838911,
              35.4040045
            ],
            [
              139.4839277,
              35.4040138
            ],
            [
              139.4839625,
              35.4040361
            ],
            [
              139.483978,
              35.4040592
            ],
            [
              139.4839705,
              35.4050908
            ],
            [
              139.4837885,
              35.4050899
            ],
            [
              139.4837884,
              35.4051033
            ],
            [
              139.4836164,
              35.4051024
            ]
          ]
        ]
      },
      "properties": {
        "id": "way/1303389995",
        "osm_type": "way",
        "osm_id": 1303389995,
        "name": "ゆめが丘ソラトス1",
        "name:ja": "ゆめが丘ソラトス1",
        "role": "complex",
        "class": "entertainment_complex",
        "render_class": "mall",
        "category": "landmark",
        "area_m2": 21366,
        "minzoom": 13,
        "detail_zoom": 16,
        "max_signature_children": 1,
        "icon_size": "L",
        "icon_anchor": [
          139.48225058333333,
          35.404775619999995
        ],
        "shop": "mall"
      }
    },
    {
      "type": "Feature",
      "id": "node/12070905992",
      "geometry": {
        "type": "Point",
        "coordinates": [
          139.4837215,
          35.4048531
        ]
      },
      "properties": {
        "id": "node/12070905992",
        "osm_type": "node",
        "osm_id": 12070905992,
        "name": "109シネマズ",
        "name:ja": "109シネマズ",
        "name:en": "109 Cinemas",
        "role": "venue_candidate",
        "parent_id": "way/1303389995",
        "class": "cinema",
        "render_class": "cinema",
        "category": "landmark",
        "amenity": "cinema",
        "independent_building": false,
        "area_m2": 0,
        "minzoom": 14,
        "icon_size": "M",
        "icon_anchor": [
          139.4837215,
          35.4048531
        ]
      }
    },
    {
      "type": "Feature",
      "id": "way/1307056950",
      "geometry": {
        "type": "Polygon",
        "coordinates": [
          [
            [
              139.557059,
              35.5788177
            ],
            [
              139.5570242,
              35.5787375
            ],
            [
              139.55745,
              35.5780198
            ],
            [
              139.5575519,
              35.5779937
            ],
            [
              139.5583888,
              35.5783219
            ],
            [
              139.5584883,
              35.5781541
            ],
            [
              139.557633,
              35.577818
            ],
            [
              139.5575995,
              35.577751
            ],
            [
              139.558029,
              35.5770215
            ],
            [
              139.5579277,
              35.5769855
            ],
            [
              139.5578494,
              35.5768332
            ],
            [
              139.5576186,
              35.5767458
            ],
            [
              139.5576288,
              35.576721
            ],
            [
              139.5574674,
              35.5766223
            ],
            [
              139.5575673,
              35.5763842
            ],
            [
              139.5580856,
              35.576538
            ],
            [
              139.5581098,
              35.5765806
            ],
            [
              139.557969,
              35.5769034
            ],
            [
              139.557946,
              35.5769113
            ],
            [
              139.557973,
              35.5769498
            ],
            [
              139.5580427,
              35.5769743
            ],
            [
              139.5581983,
              35.5766013
            ],
            [
              139.5582231,
              35.5765904
            ],
            [
              139.5583656,
              35.5766231
            ],
            [
              139.558384,
              35.5764854
            ],
            [
              139.5582837,
              35.5764557
            ],
            [
              139.55826,
              35.5764202
            ],
            [
              139.5587616,
              35.5753578
            ],
            [
              139.5588005,
              35.5753344
            ],
            [
              139.5591009,
              35.5753856
            ],
            [
              139.5590278,
              35.575607
            ],
            [
              139.559235,
              35.5756567
            ],
            [
              139.558842,
              35.5765249
            ],
            [
              139.5587119,
              35.5765664
            ],
            [
              139.5584732,
              35.5765118
            ],
            [
              139.5584524,
              35.5766558
            ],
            [
              139.5596628,
              35.5770201
            ],
            [
              139.5598023,
              35.5771052
            ],
            [
              139.5599042,
              35.5772263
            ],
            [
              139.5600303,
              35.5773932
            ],
            [
              139.5600812,
              35.5774815
            ],
            [
              139.5601228,
              35.5776233
            ],
            [
              139.5601282,
              35.5776921
            ],
            [
              139.5600732,
              35.5778371
            ],
            [
              139.5600088,
              35.5779549
            ],
            [
              139.5599109,
              35.578052
            ],
            [
              139.5598412,
              35.5781447
            ],
            [
              139.5595971,
              35.5785494
            ],
            [
              139.5595414,
              35.5785679
            ],
            [
              139.5585501,
              35.5781784
            ],
            [
              139.5584507,
              35.5783461
            ],
            [
              139.5586228,
              35.5784136
            ],
            [
              139.5586744,
              35.5785156
            ],
            [
              139.5582278,
              35.5792306
            ],
            [
              139.5581574,
              35.5792529
            ],
            [
              139.557059,
              35.5788177
            ]
          ]
        ]
      },
      "properties": {
        "id": "way/1307056950",
        "osm_type": "way",
        "osm_id": 1307056950,
        "name": "たまプラーザテラス",
        "name:ja": "たまプラーザテラス",
        "name:en": "Tamaplaza Terrace",
        "role": "complex",
        "class": "retail_complex",
        "render_class": "mall",
        "category": "landmark",
        "area_m2": 51598,
        "minzoom": 13,
        "detail_zoom": 16,
        "max_signature_children": 1,
        "icon_size": "L",
        "icon_anchor": [
          139.5585531357143,
          35.57728506607142
        ],
        "shop": "mall"
      }
    },
    {
      "type": "Feature",
      "id": "way/1309662298",
      "geometry": {
        "type": "Polygon",
        "coordinates": [
          [
            [
              139.1995588,
              35.3712772
            ],
            [
              139.2005599,
              35.3709508
            ],
            [
              139.2008885,
              35.3708731
            ],
            [
              139.2005888,
              35.3702334
            ],
            [
              139.2002656,
              35.3702268
            ],
            [
              139.199941,
              35.3702782
            ],
            [
              139.1992416,
              35.3704264
            ],
            [
              139.1993804,
              35.3708622
            ],
            [
              139.1994388,
              35.3710131
            ],
            [
              139.1995588,
              35.3712772
            ]
          ]
        ]
      },
      "properties": {
        "id": "way/1309662298",
        "osm_type": "way",
        "osm_id": 1309662298,
        "name": "ヤオコー",
        "name:ja": "ヤオコー",
        "name:en": "Yaoko",
        "role": "complex",
        "class": "retail_complex",
        "render_class": "mall",
        "category": "landmark",
        "area_m2": 11321,
        "minzoom": 13,
        "detail_zoom": 16,
        "max_signature_children": 1,
        "icon_size": "L",
        "icon_anchor": [
          139.19994221999997,
          35.37074184000001
        ],
        "landuse": "retail"
      }
    },
    {
      "type": "Feature",
      "id": "way/1339436060",
      "geometry": {
        "type": "Polygon",
        "coordinates": [
          [
            [
              139.348414,
              35.5723356
            ],
            [
              139.3485642,
              35.5724311
            ],
            [
              139.348583,
              35.5724125
            ],
            [
              139.3487057,
              35.5724905
            ],
            [
              139.3489263,
              35.5725554
            ],
            [
              139.349098,
              35.5725936
            ],
            [
              139.3490417,
              35.5727463
            ],
            [
              139.3491074,
              35.5727807
            ],
            [
              139.3491657,
              35.5728036
            ],
            [
              139.3492462,
              35.5727692
            ],
            [
              139.3495721,
              35.5728456
            ],
            [
              139.3500146,
              35.5715671
            ],
            [
              139.3501179,
              35.5714084
            ],
            [
              139.3501882,
              35.5712254
            ],
            [
              139.3501722,
              35.5712115
            ],
            [
              139.3498758,
              35.5711897
            ],
            [
              139.3495781,
              35.5711837
            ],
            [
              139.3495734,
              35.5712082
            ],
            [
              139.3494252,
              35.5712737
            ],
            [
              139.3493696,
              35.5714351
            ],
            [
              139.3491536,
              35.5713986
            ],
            [
              139.3487989,
              35.5712753
            ],
            [
              139.348414,
              35.5723356
            ]
          ]
        ]
      },
      "properties": {
        "id": "way/1339436060",
        "osm_type": "way",
        "osm_id": 1339436060,
        "name": "マーケットスクエア相模原",
        "name:ja": "マーケットスクエア相模原",
        "role": "complex",
        "class": "retail_complex",
        "render_class": "mall",
        "category": "landmark",
        "area_m2": 17923,
        "minzoom": 13,
        "detail_zoom": 16,
        "max_signature_children": 1,
        "icon_size": "L",
        "icon_anchor": [
          139.3492654695652,
          35.5719772347826
        ],
        "landuse": "retail"
      }
    },
    {
      "type": "Feature",
      "id": "way/1374541745",
      "geometry": {
        "type": "Polygon",
        "coordinates": [
          [
            [
              139.3851138,
              35.3326623
            ],
            [
              139.3851211,
              35.3325573
            ],
            [
              139.3851359,
              35.3324812
            ],
            [
              139.3855322,
              35.3324681
            ],
            [
              139.3857166,
              35.3324407
            ],
            [
              139.3856784,
              35.3320222
            ],
            [
              139.3858581,
              35.3319938
            ],
            [
              139.3857662,
              35.3316792
            ],
            [
              139.3857897,
              35.3316585
            ],
            [
              139.3856891,
              35.3315447
            ],
            [
              139.3856066,
              35.3315605
            ],
            [
              139.3855342,
              35.3314478
            ],
            [
              139.3854866,
              35.3314807
            ],
            [
              139.3853565,
              35.3313762
            ],
            [
              139.3851219,
              35.3315536
            ],
            [
              139.3850702,
              35.3315332
            ],
            [
              139.384753,
              35.3314265
            ],
            [
              139.3847369,
              35.331485
            ],
            [
              139.384694,
              35.3317657
            ],
            [
              139.3846725,
              35.3319867
            ],
            [
              139.384631,
              35.3321519
            ],
            [
              139.3846055,
              35.3321973
            ],
            [
              139.384582,
              35.3324205
            ],
            [
              139.3845968,
              35.332485
            ],
            [
              139.3846209,
              35.3325283
            ],
            [
              139.3847322,
              35.3326464
            ],
            [
              139.3851138,
              35.3326623
            ]
          ]
        ]
      },
      "properties": {
        "id": "way/1374541745",
        "osm_type": "way",
        "osm_id": 1374541745,
        "name": "ニトリ",
        "name:ja": "ニトリ",
        "name:en": "Nitori",
        "role": "complex",
        "class": "retail_complex",
        "render_class": "mall",
        "category": "landmark",
        "area_m2": 11625,
        "minzoom": 13,
        "detail_zoom": 16,
        "max_signature_children": 1,
        "icon_size": "L",
        "icon_anchor": [
          139.38515984074073,
          35.332007985185186
        ],
        "landuse": "retail",
        "shop": "furniture"
      }
    },
    {
      "type": "Feature",
      "id": "relation/2673034",
      "geometry": {
        "type": "MultiPolygon",
        "coordinates": [
          [
            [
              [
                139.4582664,
                35.4900399
              ],
              [
                139.4575505,
                35.4916141
              ],
              [
                139.4574696,
                35.4916281
              ],
              [
                139.4563379,
                35.4912937
              ],
              [
                139.4561192,
                35.4912243
              ],
              [
                139.4555599,
                35.4910626
              ],
              [
                139.4555113,
                35.4909818
              ],
              [
                139.4558727,
                35.4901543
              ],
              [
                139.4562328,
                35.4894378
              ],
              [
                139.4562821,
                35.4894207
              ],
              [
                139.4582409,
                35.4900016
              ],
              [
                139.4582664,
                35.4900399
              ]
            ]
          ],
          [
            [
              [
                139.456302,
                35.4892591
              ],
              [
                139.4562933,
                35.4892321
              ],
              [
                139.4566216,
                35.4884671
              ],
              [
                139.4570029,
                35.4878111
              ],
              [
                139.4589953,
                35.4883967
              ],
              [
                139.4583545,
                35.4898445
              ],
              [
                139.4583069,
                35.489869
              ],
              [
                139.456302,
                35.4892591
              ]
            ]
          ]
        ]
      },
      "properties": {
        "id": "relation/2673034",
        "osm_type": "relation",
        "osm_id": 2673034,
        "name": "やまとオークシティー",
        "name:ja": "やまとオークシティー",
        "role": "complex",
        "class": "retail_complex",
        "render_class": "mall",
        "category": "landmark",
        "area_m2": 72328,
        "minzoom": 13,
        "detail_zoom": 16,
        "max_signature_children": 1,
        "icon_size": "L",
        "icon_anchor": [
          139.45680914166664,
          35.4905749
        ],
        "landuse": "retail"
      }
    },
    {
      "type": "Feature",
      "id": "relation/3001125",
      "geometry": {
        "type": "MultiPolygon",
        "coordinates": [
          [
            [
              [
                139.5581519,
                35.4298445
              ],
              [
                139.5581519,
                35.430215
              ],
              [
                139.5581518,
                35.4303292
              ],
              [
                139.5581518,
                35.4303352
              ],
              [
                139.5581518,
                35.4304742
              ],
              [
                139.5581517,
                35.4307285
              ],
              [
                139.5594985,
                35.4307286
              ],
              [
                139.5594986,
                35.4303121
              ],
              [
                139.5594989,
                35.4302753
              ],
              [
                139.5594986,
                35.4302473
              ],
              [
                139.5594987,
                35.4298448
              ],
              [
                139.5581519,
                35.4298445
              ]
            ]
          ],
          [
            [
              [
                139.559794,
                35.4307334
              ],
              [
                139.5603813,
                35.4307359
              ],
              [
                139.5603837,
                35.4303584
              ],
              [
                139.5603518,
                35.4303582
              ],
              [
                139.5603526,
                35.4303209
              ],
              [
                139.5603522,
                35.4302906
              ],
              [
                139.5603552,
                35.4298437
              ],
              [
                139.5597998,
                35.4298413
              ],
              [
                139.5597972,
                35.4302421
              ],
              [
                139.559797,
                35.430275
              ],
              [
                139.5597968,
                35.4303149
              ],
              [
                139.559794,
                35.4307334
              ]
            ]
          ],
          [
            [
              [
                139.5606258,
                35.4307238
              ],
              [
                139.5616723,
                35.4307199
              ],
              [
                139.5616739,
                35.4303546
              ],
              [
                139.5622236,
                35.4303574
              ],
              [
                139.5622097,
                35.4303025
              ],
              [
                139.5620943,
                35.4298469
              ],
              [
                139.5605661,
                35.4298515
              ],
              [
                139.5605656,
                35.4301989
              ],
              [
                139.5605838,
                35.4301992
              ],
              [
                139.5605841,
                35.430241
              ],
              [
                139.5606276,
                35.4302412
              ],
              [
                139.5606275,
                35.4302938
              ],
              [
                139.5606268,
                35.4303213
              ],
              [
                139.5606262,
                35.4303551
              ],
              [
                139.5606258,
                35.4307238
              ]
            ]
          ],
          [
            [
              [
                139.5594986,
                35.4303121
              ],
              [
                139.5597968,
                35.4303149
              ],
              [
                139.559797,
                35.430275
              ],
              [
                139.5597972,
                35.4302421
              ],
              [
                139.5594986,
                35.4302473
              ],
              [
                139.5594989,
                35.4302753
              ],
              [
                139.5594986,
                35.4303121
              ]
            ]
          ],
          [
            [
              [
                139.5603837,
                35.4303584
              ],
              [
                139.5606262,
                35.4303551
              ],
              [
                139.5606268,
                35.4303213
              ],
              [
                139.5606275,
                35.4302938
              ],
              [
                139.5603522,
                35.4302906
              ],
              [
                139.5603526,
                35.4303209
              ],
              [
                139.5603518,
                35.4303582
              ],
              [
                139.5603837,
                35.4303584
              ]
            ]
          ]
        ]
      },
      "properties": {
        "id": "relation/3001125",
        "osm_type": "relation",
        "osm_id": 3001125,
        "name": "オーロラシティ(AURORA City)",
        "name:ja": "オーロラシティ(AURORA City)",
        "role": "complex",
        "class": "retail_complex",
        "render_class": "mall",
        "category": "landmark",
        "area_m2": 29276,
        "minzoom": 13,
        "detail_zoom": 16,
        "max_signature_children": 1,
        "icon_size": "L",
        "icon_anchor": [
          139.55871300833334,
          35.43026493333333
        ],
        "shop": "mall"
      }
    },
    {
      "type": "Feature",
      "id": "relation/7836916",
      "geometry": {
        "type": "Polygon",
        "coordinates": [
          [
            [
              139.5384245,
              35.3992593
            ],
            [
              139.5381664,
              35.3984931
            ],
            [
              139.5365602,
              35.3988487
            ],
            [
              139.53662,
              35.3990002
            ],
            [
              139.5365885,
              35.3990554
            ],
            [
              139.5365952,
              35.3996069
            ],
            [
              139.5366717,
              35.3996638
            ],
            [
              139.5384245,
              35.3992593
            ]
          ]
        ]
      },
      "properties": {
        "id": "relation/7836916",
        "osm_type": "relation",
        "osm_id": 7836916,
        "name": "アピタ",
        "name:ja": "アピタ",
        "role": "complex",
        "class": "retail_complex",
        "render_class": "mall",
        "category": "landmark",
        "area_m2": 14197,
        "minzoom": 13,
        "detail_zoom": 16,
        "max_signature_children": 1,
        "icon_size": "L",
        "icon_anchor": [
          139.537256375,
          35.3991483375
        ],
        "landuse": "retail",
        "shop": "shopping_centre"
      }
    },
    {
      "type": "Feature",
      "id": "relation/8256051",
      "geometry": {
        "type": "MultiPolygon",
        "coordinates": [
          [
            [
              [
                139.5316263,
                35.4630925
              ],
              [
                139.5316486,
                35.4631089
              ],
              [
                139.5316502,
                35.4631075
              ],
              [
                139.53168,
                35.4631293
              ],
              [
                139.531648,
                35.4631582
              ],
              [
                139.5317661,
                35.463245
              ],
              [
                139.5317462,
                35.4632629
              ],
              [
                139.5318629,
                35.4633486
              ],
              [
                139.5317939,
                35.4634109
              ],
              [
                139.5318136,
                35.4634254
              ],
              [
                139.5318002,
                35.4634375
              ],
              [
                139.5317858,
                35.4634505
              ],
              [
                139.5321881,
                35.4638897
              ],
              [
                139.532392,
                35.4637055
              ],
              [
                139.5327369,
                35.4639588
              ],
              [
                139.5329648,
                35.4637556
              ],
              [
                139.532574,
                35.463443
              ],
              [
                139.532388,
                35.4633019
              ],
              [
                139.5323049,
                35.4632433
              ],
              [
                139.5318315,
                35.4629095
              ],
              [
                139.5316263,
                35.4630925
              ]
            ]
          ],
          [
            [
              [
                139.5318987,
                35.462873
              ],
              [
                139.5321319,
                35.46305
              ],
              [
                139.532417,
                35.4632663
              ],
              [
                139.5328198,
                35.463572
              ],
              [
                139.5328926,
                35.4636272
              ],
              [
                139.5331944,
                35.4633635
              ],
              [
                139.5329273,
                35.4631608
              ],
              [
                139.5327583,
                35.4630326
              ],
              [
                139.5327187,
                35.4630025
              ],
              [
                139.5327872,
                35.4629427
              ],
              [
                139.5325021,
                35.4627263
              ],
              [
                139.532269,
                35.4625494
              ],
              [
                139.5318987,
                35.462873
              ]
            ]
          ],
          [
            [
              [
                139.5322122,
                35.4638788
              ],
              [
                139.5322235,
                35.4639137
              ],
              [
                139.5323244,
                35.4640244
              ],
              [
                139.5324836,
                35.4641991
              ],
              [
                139.5324937,
                35.4642103
              ],
              [
                139.5325036,
                35.4642211
              ],
              [
                139.532536,
                35.4642467
              ],
              [
                139.532552,
                35.4642593
              ],
              [
                139.532643,
                35.4643311
              ],
              [
                139.5327826,
                35.4644125
              ],
              [
                139.5328303,
                35.4644428
              ],
              [
                139.5328384,
                35.4644466
              ],
              [
                139.5328867,
                35.4644751
              ],
              [
                139.532954,
                35.4645148
              ],
              [
                139.5329685,
                35.4645234
              ],
              [
                139.5329823,
                35.464509
              ],
              [
                139.5329846,
                35.4645065
              ],
              [
                139.5330723,
                35.4644147
              ],
              [
                139.5330978,
                35.464388
              ],
              [
                139.5331261,
                35.4643584
              ],
              [
                139.5331408,
                35.464343
              ],
              [
                139.5331377,
                35.4643411
              ],
              [
                139.5330474,
                35.4642619
              ],
              [
                139.5330793,
                35.4641795
              ],
              [
                139.5327356,
                35.4639592
              ],
              [
                139.5323913,
                35.463714
              ],
              [
                139.5322122,
                35.4638788
              ]
            ]
          ]
        ]
      },
      "properties": {
        "id": "relation/8256051",
        "osm_type": "relation",
        "osm_id": 8256051,
        "name": "JOINUS TERRACE futamatagawa",
        "name:ja": "JOINUS TERRACE futamatagawa",
        "role": "complex",
        "class": "retail_complex",
        "render_class": "mall",
        "category": "landmark",
        "area_m2": 14466,
        "minzoom": 13,
        "detail_zoom": 16,
        "max_signature_children": 1,
        "icon_size": "L",
        "icon_anchor": [
          139.53199182380953,
          35.46335604761906
        ],
        "shop": "mall"
      }
    },
    {
      "type": "Feature",
      "id": "relation/10932190",
      "geometry": {
        "type": "Polygon",
        "coordinates": [
          [
            [
              139.5670545,
              35.5172598
            ],
            [
              139.5670862,
              35.5173438
            ],
            [
              139.5671312,
              35.5174019
            ],
            [
              139.5672078,
              35.5174858
            ],
            [
              139.5672845,
              35.5175482
            ],
            [
              139.5673982,
              35.517602
            ],
            [
              139.5675172,
              35.5176429
            ],
            [
              139.5676679,
              35.5176666
            ],
            [
              139.5678002,
              35.5176645
            ],
            [
              139.5677737,
              35.5177376
            ],
            [
              139.567927,
              35.5177178
            ],
            [
              139.5675646,
              35.5188158
            ],
            [
              139.5670346,
              35.5186909
            ],
            [
              139.5670296,
              35.5187107
            ],
            [
              139.5654959,
              35.5183393
            ],
            [
              139.5658011,
              35.5174729
            ],
            [
              139.565739,
              35.5173876
            ],
            [
              139.5657206,
              35.5173259
            ],
            [
              139.5657165,
              35.5172577
            ],
            [
              139.5656932,
              35.5172523
            ],
            [
              139.5652115,
              35.5171415
            ],
            [
              139.5655235,
              35.5162052
            ],
            [
              139.5653507,
              35.5161644
            ],
            [
              139.5654438,
              35.5158958
            ],
            [
              139.5657547,
              35.5159681
            ],
            [
              139.5658344,
              35.5157442
            ],
            [
              139.5659797,
              35.515799
            ],
            [
              139.5660008,
              35.5157819
            ],
            [
              139.5660357,
              35.5157748
            ],
            [
              139.56608,
              35.5157791
            ],
            [
              139.5661175,
              35.5158048
            ],
            [
              139.566143,
              35.5158354
            ],
            [
              139.5661464,
              35.5158741
            ],
            [
              139.5663444,
              35.5159366
            ],
            [
              139.5672646,
              35.516126
            ],
            [
              139.5671826,
              35.5163499
            ],
            [
              139.5673201,
              35.51638
            ],
            [
              139.5673628,
              35.5163609
            ],
            [
              139.5674245,
              35.5164447
            ],
            [
              139.567311,
              35.5165001
            ],
            [
              139.5672184,
              35.5165668
            ],
            [
              139.5671444,
              35.5166421
            ],
            [
              139.5670809,
              35.5167261
            ],
            [
              139.5670307,
              35.5168014
            ],
            [
              139.5670069,
              35.5168681
            ],
            [
              139.5670469,
              35.5168855
            ],
            [
              139.5670885,
              35.5169291
            ],
            [
              139.567122,
              35.5169848
            ],
            [
              139.5671435,
              35.5170328
            ],
            [
              139.5671555,
              35.5170962
            ],
            [
              139.5671421,
              35.5171616
            ],
            [
              139.5671073,
              35.5172184
            ],
            [
              139.5670545,
              35.5172598
            ]
          ],
          [
            [
              139.5669355,
              35.5169069
            ],
            [
              139.5668456,
              35.516881
            ],
            [
              139.5667771,
              35.5168865
            ],
            [
              139.5666927,
              35.5169232
            ],
            [
              139.5666465,
              35.516951
            ],
            [
              139.5666015,
              35.5170122
            ],
            [
              139.5665857,
              35.5170906
            ],
            [
              139.566604,
              35.5171636
            ],
            [
              139.5666595,
              35.5172227
            ],
            [
              139.5667199,
              35.5172679
            ],
            [
              139.5668229,
              35.5172809
            ],
            [
              139.5669008,
              35.5172747
            ],
            [
              139.566999,
              35.5172405
            ],
            [
              139.5670496,
              35.5171944
            ],
            [
              139.5670751,
              35.5171169
            ],
            [
              139.5670697,
              35.517047
            ],
            [
              139.5670483,
              35.5169859
            ],
            [
              139.5669946,
              35.516939
            ],
            [
              139.5669355,
              35.5169069
            ]
          ]
        ]
      },
      "properties": {
        "id": "relation/10932190",
        "osm_type": "relation",
        "osm_id": 10932190,
        "name": "ららぽーと横浜",
        "name:ja": "ららぽーと横浜",
        "role": "complex",
        "class": "entertainment_complex",
        "render_class": "mall",
        "category": "landmark",
        "area_m2": 48456,
        "minzoom": 13,
        "detail_zoom": 16,
        "max_signature_children": 1,
        "icon_size": "L",
        "icon_anchor": [
          139.56729338333332,
          35.51850864
        ],
        "shop": "mall"
      }
    },
    {
      "type": "Feature",
      "id": "node/4717784374",
      "geometry": {
        "type": "Point",
        "coordinates": [
          139.5668178,
          35.5161527
        ]
      },
      "properties": {
        "id": "node/4717784374",
        "osm_type": "node",
        "osm_id": 4717784374,
        "name": "TOHOシネマズ",
        "name:ja": "TOHOシネマズ",
        "name:en": "Toho Cinemas",
        "role": "venue_candidate",
        "parent_id": "relation/10932190",
        "class": "cinema",
        "render_class": "cinema",
        "category": "landmark",
        "amenity": "cinema",
        "independent_building": false,
        "area_m2": 0,
        "minzoom": 14,
        "icon_size": "M",
        "icon_anchor": [
          139.5668178,
          35.5161527
        ]
      }
    },
    {
      "type": "Feature",
      "id": "relation/19091817",
      "geometry": {
        "type": "Polygon",
        "coordinates": [
          [
            [
              139.304466,
              35.589559
            ],
            [
              139.3049375,
              35.5890876
            ],
            [
              139.3049552,
              35.5890658
            ],
            [
              139.3049916,
              35.5889931
            ],
            [
              139.3050036,
              35.5889313
            ],
            [
              139.305031,
              35.5889163
            ],
            [
              139.3068559,
              35.5891356
            ],
            [
              139.307456,
              35.5891583
            ],
            [
              139.3075832,
              35.5891716
            ],
            [
              139.3076241,
              35.5892286
            ],
            [
              139.3075505,
              35.5894014
            ],
            [
              139.3075202,
              35.589513
            ],
            [
              139.3075085,
              35.5896132
            ],
            [
              139.3075085,
              35.5896865
            ],
            [
              139.3075085,
              35.5897346
            ],
            [
              139.3075377,
              35.5898828
            ],
            [
              139.3075587,
              35.5899796
            ],
            [
              139.3074606,
              35.5900726
            ],
            [
              139.3070795,
              35.5901572
            ],
            [
              139.3071565,
              35.5899427
            ],
            [
              139.3071324,
              35.5898533
            ],
            [
              139.3067771,
              35.5899211
            ],
            [
              139.3068148,
              35.5901269
            ],
            [
              139.3068297,
              35.5902155
            ],
            [
              139.3063655,
              35.5903176
            ],
            [
              139.3056752,
              35.5904302
            ],
            [
              139.3056468,
              35.5904218
            ],
            [
              139.3055903,
              35.5903375
            ],
            [
              139.305515,
              35.5902744
            ],
            [
              139.3054397,
              35.5902378
            ],
            [
              139.3053416,
              35.5902037
            ],
            [
              139.3052599,
              35.5901942
            ],
            [
              139.304954,
              35.590178
            ],
            [
              139.3047135,
              35.5901638
            ],
            [
              139.3047135,
              35.5901116
            ],
            [
              139.3046143,
              35.589766
            ],
            [
              139.304466,
              35.589559
            ]
          ],
          [
            [
              139.3064694,
              35.5891812
            ],
            [
              139.3064748,
              35.5891483
            ],
            [
              139.3064836,
              35.5890954
            ],
            [
              139.3065883,
              35.5891069
            ],
            [
              139.3065817,
              35.589147
            ],
            [
              139.3065741,
              35.5891926
            ],
            [
              139.3064694,
              35.5891812
            ]
          ]
        ]
      },
      "properties": {
        "id": "relation/19091817",
        "osm_type": "relation",
        "osm_id": 19091817,
        "name": "コピオ相模原インター",
        "name:ja": "コピオ相模原インター",
        "role": "complex",
        "class": "retail_complex",
        "render_class": "mall",
        "category": "landmark",
        "area_m2": 33043,
        "minzoom": 13,
        "detail_zoom": 16,
        "max_signature_children": 1,
        "icon_size": "L",
        "icon_anchor": [
          139.30619304324324,
          35.58977143783784
        ],
        "landuse": "retail"
      }
    },
    {
      "type": "Feature",
      "id": "relation/20655268",
      "geometry": {
        "type": "MultiPolygon",
        "coordinates": [
          [
            [
              [
                139.1869497,
                35.2839245
              ],
              [
                139.1891733,
                35.2839387
              ],
              [
                139.1891827,
                35.2810901
              ],
              [
                139.187867,
                35.2811011
              ],
              [
                139.187857,
                35.28236
              ],
              [
                139.1869685,
                35.2823557
              ],
              [
                139.1869497,
                35.2839245
              ]
            ]
          ],
          [
            [
              [
                139.1845545,
                35.2827224
              ],
              [
                139.1845532,
                35.2853991
              ],
              [
                139.1867901,
                35.2854111
              ],
              [
                139.1868031,
                35.2827273
              ],
              [
                139.1867883,
                35.2827093
              ],
              [
                139.184586,
                35.2826934
              ],
              [
                139.1845545,
                35.2827224
              ]
            ]
          ]
        ]
      },
      "properties": {
        "id": "relation/20655268",
        "osm_type": "relation",
        "osm_id": 20655268,
        "name": "ダイナシティ",
        "name:ja": "ダイナシティ",
        "name:en": "Dynacity",
        "role": "complex",
        "class": "entertainment_complex",
        "render_class": "mall",
        "category": "landmark",
        "area_m2": 112706,
        "minzoom": 13,
        "detail_zoom": 16,
        "max_signature_children": 1,
        "icon_size": "L",
        "icon_anchor": [
          139.18895940000002,
          35.28128000666667
        ],
        "landuse": "retail"
      }
    },
    {
      "type": "Feature",
      "id": "node/13234914130",
      "geometry": {
        "type": "Point",
        "coordinates": [
          139.1875797,
          35.2837101
        ]
      },
      "properties": {
        "id": "node/13234914130",
        "osm_type": "node",
        "osm_id": 13234914130,
        "name": "TOHOシネマズ小田原",
        "name:ja": "TOHOシネマズ小田原",
        "role": "venue_candidate",
        "parent_id": "relation/20655268",
        "class": "cinema",
        "render_class": "cinema",
        "category": "landmark",
        "amenity": "cinema",
        "independent_building": false,
        "area_m2": 0,
        "minzoom": 14,
        "icon_size": "M",
        "icon_anchor": [
          139.1875797,
          35.2837101
        ]
      }
    }
  ]
}
